account_id,bank_id,account_number,account_type,currency,opened_date,closed_date,status,holder_type,holder_id,upi_id,branch_location_id
ACC-4C185633,HDFC,HDFC533403737035,savings,INR,2022-05-13,,active,person,P-2D7685,ashok.kulkarni96@okaxis,LOC-5A1703
ACC-7FFC272D,ICICI,ICICI610421106045,savings,INR,2023-02-02,,active,person,P-275CEC,pooja.deshmukh51@okaxis,LOC-5D0F57
ACC-F4CBA489,SBI,SBI107080598337,savings,INR,2022-11-21,,active,person,P-275CEC,pooja.deshmukh51@okaxis,LOC-01B036
ACC-F6A7DB21,SBI,SBI983890571186,salary,INR,2024-10-29,,active,person,P-FDF0F1,sanjay.singh38@apl,LOC-CF30CF
ACC-A9106E66,HDFC,HDFC664784440905,savings,INR,2024-08-01,,active,person,P-895033,sanjay.patel44@icici,LOC-5A1703
ACC-689B7B39,HDFC,HDFC903131441195,salary,INR,2022-04-28,,active,person,P-71CABF,divya.malhotra25@apl,LOC-5D0F57
ACC-0918D300,HDFC,HDFC949430446904,savings,INR,2023-04-26,,active,person,P-60EB48,rekha.aggarwal3@okhdfcbank,LOC-8293B3
ACC-C3C6209D,SBI,SBI125196941186,salary,INR,2021-12-28,,active,person,P-60EB48,rekha.aggarwal43@paytm,LOC-5A1703
ACC-D9D8CEC1,ICICI,ICICI303427373328,savings,INR,2021-12-28,,active,person,P-C06C25,anand.reddy93@icici,LOC-01B036
ACC-C15FE230,SBI,SBI525043992142,salary,INR,2021-11-29,,active,person,P-76177F,abhishek.jain58@icici,LOC-01B036
ACC-B4C0C05A,AXIS,AXIS541091290639,savings,INR,2023-02-11,,active,person,P-0B4C18,vikram.sharma30@sbi,LOC-89DC68
ACC-D238DB40,ICICI,ICICI527927616680,savings,INR,2023-11-06,,active,person,P-029953,rekha.deshmukh3@paytm,LOC-5D0F57
ACC-E7CD79A9,ICICI,ICICI448058552361,current,INR,2023-09-06,,active,person,P-227D82,kunal.verma87@okaxis,LOC-01B036
ACC-98F8A822,SBI,SBI191691174200,savings,INR,2023-11-28,,active,person,P-74D2B8,praveen.banerjee12@apl,LOC-89DC68
ACC-D16580F2,ICICI,ICICI864444516812,salary,INR,2021-09-24,,active,person,P-74D2B8,praveen.banerjee62@paytm,LOC-5FE0A6
ACC-C0D318D2,PNB,PNB455049558828,savings,INR,2024-05-28,,active,person,P-31740B,sanjay.jain55@okhdfcbank,LOC-5D0F57
ACC-F1CB07C6,SBI,SBI219266261795,savings,INR,2023-01-14,,active,person,P-0560D4,amit.yadav87@sbi,LOC-610E4A
ACC-F482A106,HDFC,HDFC315254806612,savings,INR,2021-10-27,,active,person,P-41A0F6,karan.yadav8@okhdfcbank,LOC-72C536
ACC-7A57238D,ICICI,ICICI113396463185,savings,INR,2023-03-26,,active,person,P-41A0F6,karan.yadav75@apl,LOC-CF30CF
ACC-743C1817,SBI,SBI733386080900,savings,INR,2024-11-20,,active,person,P-CC83FB,ritu.sharma83@sbi,LOC-01B036
ACC-38C7EBF8,SBI,SBI902268510486,savings,INR,2023-04-03,,active,person,P-CC83FB,ritu.sharma87@paytm,LOC-6FAFC5
ACC-34E350C3,AXIS,AXIS721641246012,savings,INR,2022-06-11,,active,person,P-5A1FC9,pooja.banerjee27@apl,LOC-610E4A
ACC-DAD1AD91,ICICI,ICICI146986306396,wallet,INR,2023-05-07,,active,person,P-5A1FC9,pooja.banerjee81@apl,LOC-6FAFC5
ACC-61AB1340,ICICI,ICICI704023585282,savings,INR,2021-11-04,,active,person,P-5A1FC9,pooja.banerjee24@apl,LOC-6FAFC5
ACC-1ED4062D,AXIS,AXIS210330153882,savings,INR,2022-07-25,,active,person,P-AF59F4,praveen.bhatia44@paytm,LOC-5A1703
ACC-915EDC97,PNB,PNB584470692044,salary,INR,2022-10-10,,active,person,P-459D31,ritu.chopra30@icici,LOC-6FAFC5
ACC-8D39A75D,AXIS,AXIS232683653537,savings,INR,2022-05-06,,active,person,P-F46564,divya.joshi50@paytm,LOC-CF30CF
ACC-9A5987A7,HDFC,HDFC618949237287,salary,INR,2024-10-24,,active,person,P-6F2C39,naveen.yadav47@okaxis,LOC-6FAFC5
ACC-606759CB,AXIS,AXIS492673238806,savings,INR,2024-04-08,,active,person,P-A25F6A,praveen.bhatia65@paytm,LOC-89DC68
ACC-58886056,ICICI,ICICI408830482709,current,INR,2024-06-13,,active,person,P-6B9C89,ananya.rao81@paytm,LOC-CF30CF
ACC-1A90846C,HDFC,HDFC914325977515,savings,INR,2024-10-16,,active,person,P-001749,amit.bhatia3@okaxis,LOC-B94200
ACC-A75DDD11,SBI,SBI909507741140,salary,INR,2022-01-27,,active,person,P-001749,amit.bhatia29@paytm,LOC-610E4A
ACC-30B22ABF,AXIS,AXIS929284454140,salary,INR,2023-02-20,,active,person,P-1BCE93,ritu.chopra88@paytm,LOC-5573AE
ACC-3299824A,PNB,PNB872881590298,salary,INR,2024-04-01,,active,person,P-1BCE93,ritu.chopra39@okaxis,LOC-6FAFC5
ACC-0B47D042,HDFC,HDFC873017248384,savings,INR,2023-01-02,,active,person,P-9E1A06,manoj.kapoor70@sbi,LOC-8293B3
ACC-382D6832,SBI,SBI324454358579,savings,INR,2022-07-04,,active,person,P-100720,praveen.saxena93@paytm,LOC-CF30CF
ACC-867A1DD4,AXIS,AXIS169665059637,savings,INR,2024-07-16,,active,person,P-100720,praveen.saxena42@okhdfcbank,LOC-01B036
ACC-C766ED20,HDFC,HDFC164994248215,savings,INR,2024-09-23,,active,person,P-82A459,neha.reddy46@icici,LOC-610E4A
ACC-D44E775F,AXIS,AXIS741806259900,savings,INR,2022-01-14,,active,person,P-82A459,neha.reddy20@apl,LOC-CF30CF
ACC-A43A84DD,HDFC,HDFC421115020348,savings,INR,2024-03-22,,active,person,P-82A459,neha.reddy85@okhdfcbank,LOC-5573AE
ACC-DAC51BF4,PNB,PNB969735804365,salary,INR,2022-10-16,,active,person,P-5AE54E,rekha.jain59@icici,LOC-CF30CF
ACC-CF213D8D,ICICI,ICICI373860089966,savings,INR,2023-02-05,,active,person,P-B50164,naveen.bose52@okhdfcbank,LOC-B91DF4
ACC-C68E1290,HDFC,HDFC263748749032,salary,INR,2024-01-03,,active,person,P-B50164,naveen.bose31@paytm,LOC-5A1703
ACC-87EA4E42,HDFC,HDFC323471096019,savings,INR,2022-04-13,,active,person,P-16BADE,arun.banerjee82@sbi,LOC-CF30CF
ACC-ECC1083E,PNB,PNB382106696066,salary,INR,2023-05-24,,active,person,P-15394B,abhishek.joshi18@okhdfcbank,LOC-8293B3
ACC-BE4D4CB7,SBI,SBI348411920214,salary,INR,2024-02-12,,active,person,P-15394B,abhishek.joshi40@apl,LOC-89DC68
ACC-33865EAE,HDFC,HDFC862332932303,salary,INR,2023-04-05,,active,person,P-6EE637,deepak.pandey86@apl,LOC-5573AE
ACC-2C65ECFD,ICICI,ICICI757880481559,salary,INR,2024-11-18,,active,person,P-E5C136,shweta.pandey1@icici,LOC-6FAFC5
ACC-42042A9F,SBI,SBI258204984845,current,INR,2022-10-24,,active,person,P-023111,ananya.sharma84@apl,LOC-5A1703
ACC-69925C4D,HDFC,HDFC469658228131,savings,INR,2022-07-22,,active,person,P-023111,ananya.sharma19@okaxis,LOC-5FE0A6
ACC-4941CABD,HDFC,HDFC230275828920,wallet,INR,2022-09-08,,active,person,P-CBB542,pooja.joshi26@icici,LOC-5573AE
ACC-C1210179,SBI,SBI901091040802,savings,INR,2023-05-05,,active,person,P-CBB542,pooja.joshi77@apl,LOC-72C536
ACC-A8AE20DD,ICICI,ICICI381004689234,salary,INR,2021-12-22,,active,person,P-CBB542,pooja.joshi54@okaxis,LOC-B94200
ACC-BF472135,SBI,SBI839622226904,savings,INR,2022-02-06,,active,person,P-892A41,anjali.chopra31@okhdfcbank,LOC-CF30CF
ACC-AD0E29F5,HDFC,HDFC572798940308,savings,INR,2023-09-20,,active,person,P-60A124,praveen.verma8@icici,LOC-5573AE
ACC-2FE70E99,ICICI,ICICI679736301982,current,INR,2022-06-08,,active,person,P-12CFD8,pooja.bhatia91@apl,LOC-B91DF4
ACC-95A4FD33,SBI,SBI330763485557,current,INR,2022-04-08,,active,person,P-12CFD8,pooja.bhatia80@okhdfcbank,LOC-89DC68
ACC-1A617033,ICICI,ICICI729380163222,current,INR,2024-06-24,,active,person,P-8BECDB,arun.iyer17@icici,LOC-8293B3
ACC-014EF649,AXIS,AXIS263106700272,savings,INR,2024-09-14,,active,person,P-8BECDB,arun.iyer2@apl,LOC-5FE0A6
ACC-4FDF8163,SBI,SBI563899673931,savings,INR,2024-09-17,,active,person,P-B1B77A,kavita.verma10@sbi,LOC-8293B3
ACC-8F2EC99E,SBI,SBI615798208357,savings,INR,2021-10-20,,active,person,P-A29576,karan.jain8@okaxis,LOC-5FE0A6
ACC-42B5C438,HDFC,HDFC655985913607,current,INR,2022-12-01,,active,person,P-677A20,pradeep.iyer99@paytm,LOC-5A1703
ACC-6F611D3C,PNB,PNB779153614877,savings,INR,2021-12-16,,active,person,P-077583,deepika.aggarwal80@paytm,LOC-8293B3
ACC-AA6F69D8,AXIS,AXIS901127158559,salary,INR,2024-02-10,,active,person,P-FC3FC7,kunal.nair72@apl,LOC-5D0F57
ACC-14F58630,SBI,SBI791958348573,salary,INR,2022-04-07,,active,person,P-528C9A,anjali.malhotra37@paytm,LOC-5573AE
ACC-03A41289,PNB,PNB432114913407,savings,INR,2024-10-30,,active,person,P-4335D2,ritu.rao13@sbi,LOC-72C536
ACC-538650C4,HDFC,HDFC482647351491,wallet,INR,2024-06-15,,active,person,P-4335D2,ritu.rao68@icici,LOC-CF30CF
ACC-AAB53358,HDFC,HDFC325946591209,savings,INR,2022-06-07,,active,person,P-F4AD16,rahul.bhatia57@okhdfcbank,LOC-CF30CF
ACC-64589A8C,AXIS,AXIS782587415323,wallet,INR,2021-11-21,,active,person,P-78F676,jyoti.bose74@apl,LOC-89DC68
ACC-68294C8F,ICICI,ICICI588582094838,savings,INR,2021-11-25,,active,person,P-0874BA,ashok.sharma66@okaxis,LOC-6FAFC5
ACC-F896E996,AXIS,AXIS936627805925,current,INR,2022-02-27,,active,person,P-C03568,rohan.kulkarni51@sbi,LOC-5573AE
ACC-D1DD9F3C,PNB,PNB595546071877,savings,INR,2022-05-07,,active,person,P-8FC43E,pradeep.bose4@okaxis,LOC-5D0F57
ACC-E376060C,HDFC,HDFC595454143678,current,INR,2023-01-11,,active,person,P-55B774,anjali.saxena61@apl,LOC-5FE0A6
ACC-A660EF55,PNB,PNB174427691299,savings,INR,2022-07-12,,active,person,P-55B774,anjali.saxena18@icici,LOC-8293B3
ACC-931DA07C,PNB,PNB974380105625,current,INR,2024-01-27,,active,person,P-6A0098,pooja.saxena77@apl,LOC-5573AE
ACC-DA84CB30,HDFC,HDFC616669050061,savings,INR,2021-09-21,,active,person,P-592E94,deepika.saxena14@okaxis,LOC-5FE0A6
ACC-590455EC,HDFC,HDFC535697270791,savings,INR,2023-04-06,,active,person,P-06173F,abhishek.joshi83@paytm,LOC-610E4A
ACC-9184B980,AXIS,AXIS750980239329,salary,INR,2022-11-03,,active,person,P-A39DE3,rajesh.pandey47@apl,LOC-6FAFC5
ACC-4F788CAF,HDFC,HDFC496718183202,salary,INR,2023-06-09,,active,person,P-A2D665,rekha.bhatia45@icici,LOC-B91DF4
ACC-F4CF23D2,HDFC,HDFC488308772662,salary,INR,2023-06-26,,active,person,P-A2D665,rekha.bhatia76@okhdfcbank,LOC-72C536
ACC-77B203F4,SBI,SBI775876751245,savings,INR,2023-06-15,,active,person,P-F83D58,anita.kulkarni99@sbi,LOC-89DC68
ACC-FCE38390,AXIS,AXIS307138041325,savings,INR,2023-08-01,,active,person,P-F83D58,anita.kulkarni58@okaxis,LOC-89DC68
ACC-C409F677,AXIS,AXIS207461552841,current,INR,2024-03-12,,active,person,P-F83D58,anita.kulkarni72@paytm,LOC-8293B3
ACC-F548A357,SBI,SBI208200942238,salary,INR,2023-10-19,,active,person,P-29F2A2,ashok.jain2@apl,LOC-5573AE
ACC-7E9264F0,HDFC,HDFC848225659459,salary,INR,2021-11-06,,active,person,P-E245F7,gaurav.mehta85@okaxis,LOC-72C536
ACC-634CC6B6,SBI,SBI189402340106,savings,INR,2022-06-15,,active,person,P-F692FF,naveen.gupta89@okhdfcbank,LOC-5A1703
ACC-270C484B,SBI,SBI606984166550,savings,INR,2023-10-23,,active,person,P-6B4610,anita.saxena5@sbi,LOC-B94200
ACC-F6E2EA16,AXIS,AXIS859673782938,savings,INR,2021-11-01,,active,person,P-107275,rakesh.bhatia72@okaxis,LOC-01B036
ACC-BD8E6C65,HDFC,HDFC379320053455,savings,INR,2022-06-06,,active,person,P-B7BC5C,tarun.pandey44@okhdfcbank,LOC-8293B3
ACC-C6BB445D,HDFC,HDFC413339265777,savings,INR,2023-09-01,,active,person,P-DEA611,arun.mehta81@okaxis,LOC-5573AE
ACC-2E592A44,SBI,SBI659836158210,salary,INR,2023-07-05,,active,person,P-ADD659,karan.mehta1@apl,LOC-5A1703
ACC-F145CB34,SBI,SBI957495307052,current,INR,2024-03-06,,active,person,P-ADD659,karan.mehta25@okaxis,LOC-8293B3
ACC-17B08B7D,SBI,SBI907265185896,salary,INR,2024-01-30,,active,person,P-24DC25,priya.iyer10@icici,LOC-72C536
ACC-EAC9FF0A,HDFC,HDFC877014275820,savings,INR,2022-05-14,,active,person,P-24DC25,priya.iyer87@sbi,LOC-5A1703
ACC-6E9AA9A3,SBI,SBI520488453713,savings,INR,2021-12-17,,active,person,P-5F4293,praveen.kapoor94@paytm,LOC-610E4A
ACC-AC04F253,SBI,SBI679895561224,savings,INR,2024-02-14,,active,person,P-AB33E9,deepak.kapoor72@apl,LOC-5FE0A6
ACC-165ED8C8,ICICI,ICICI638384510832,salary,INR,2022-03-05,,active,person,P-3C2690,sunita.kulkarni83@okhdfcbank,LOC-5D0F57
ACC-5CEFA491,ICICI,ICICI650879398858,savings,INR,2024-05-29,,active,person,P-BE7E41,shweta.verma30@apl,LOC-5D0F57
ACC-34F9BE3F,AXIS,AXIS906992411682,savings,INR,2021-12-02,,active,person,P-14107B,ritu.mehta56@okaxis,LOC-5FE0A6
ACC-E6B5F28C,ICICI,ICICI106821364980,salary,INR,2023-05-24,,active,person,P-D32345,karan.iyer52@okhdfcbank,LOC-B91DF4
ACC-BBE10E83,HDFC,HDFC956168340626,salary,INR,2021-09-26,,active,person,P-E1002D,pooja.iyer11@apl,LOC-72C536
ACC-0DC45553,ICICI,ICICI839200727610,savings,INR,2023-04-27,,active,person,P-A0A54A,harish.singh94@okaxis,LOC-01B036
ACC-B3E7E901,HDFC,HDFC726689391309,savings,INR,2024-04-20,,active,person,P-0EA1FC,jyoti.aggarwal7@paytm,LOC-72C536
ACC-DA162DDA,HDFC,HDFC500401424851,salary,INR,2022-11-04,,active,person,P-C21069,divya.nair12@sbi,LOC-72C536
ACC-D59F72B4,HDFC,HDFC870058874267,savings,INR,2022-04-25,,active,person,P-C21069,divya.nair7@okhdfcbank,LOC-01B036
ACC-015B678B,SBI,SBI830049830479,savings,INR,2022-07-05,,active,person,P-C21069,divya.nair69@icici,LOC-5A1703
ACC-E830E923,PNB,PNB880622215134,salary,INR,2022-02-19,,active,person,P-84C944,sunita.patel89@okhdfcbank,LOC-CF30CF
ACC-68178EED,SBI,SBI195660956269,savings,INR,2023-08-20,,active,person,P-84C944,sunita.patel68@okhdfcbank,LOC-5573AE
ACC-FDC39443,AXIS,AXIS688981660326,salary,INR,2022-01-27,,active,person,P-63201A,deepak.pandey13@apl,LOC-5573AE
ACC-2C7730D4,ICICI,ICICI322700172116,salary,INR,2022-09-21,,active,person,P-63201A,deepak.pandey59@sbi,LOC-B91DF4
ACC-9B5E3A4F,HDFC,HDFC300566472256,savings,INR,2023-12-08,,active,person,P-899BFB,anita.aggarwal73@okaxis,LOC-6FAFC5
ACC-A6E4A2F9,HDFC,HDFC857718889292,salary,INR,2022-06-23,,active,person,P-4E60BF,jyoti.saxena8@okhdfcbank,LOC-5D0F57
ACC-ED52C224,ICICI,ICICI791322923400,wallet,INR,2022-03-24,,active,person,P-4E60BF,jyoti.saxena49@sbi,LOC-610E4A
ACC-EECD9EBF,PNB,PNB765600852513,salary,INR,2023-01-05,,active,person,P-256961,tarun.mehta97@apl,LOC-89DC68
ACC-19D47A35,AXIS,AXIS410088827392,savings,INR,2022-12-28,,active,person,P-256961,tarun.mehta34@sbi,LOC-6FAFC5
ACC-38C3A4F9,HDFC,HDFC845333368666,savings,INR,2022-05-07,,active,person,P-E9E9B1,vikram.kapoor57@apl,LOC-B91DF4
ACC-4F5ED94E,HDFC,HDFC520340490526,savings,INR,2021-10-22,,active,person,P-E9E9B1,vikram.kapoor78@paytm,LOC-610E4A
ACC-A9B8FC0A,HDFC,HDFC644494169276,savings,INR,2024-09-15,,active,person,P-A7EB24,rohan.yadav37@apl,LOC-6FAFC5
ACC-5DB544F5,SBI,SBI318555227026,savings,INR,2022-03-13,,active,person,P-A7EB24,rohan.yadav32@sbi,LOC-B91DF4
ACC-96D2F24B,AXIS,AXIS620108645850,salary,INR,2022-09-11,,active,person,P-A7EB24,rohan.yadav49@icici,LOC-6FAFC5
ACC-C0447182,SBI,SBI664001120873,salary,INR,2023-07-31,,active,person,P-C5BF60,divya.sharma5@okhdfcbank,LOC-5A1703
ACC-440FA7E8,SBI,SBI511562070733,savings,INR,2023-06-03,,active,person,P-EA7363,anand.rao54@sbi,LOC-01B036
ACC-92305F23,SBI,SBI309727946704,savings,INR,2024-11-18,,active,person,P-4A8BBF,shweta.rao26@icici,LOC-B91DF4
ACC-2987871B,HDFC,HDFC508192090798,savings,INR,2024-07-22,,active,person,P-4A8BBF,shweta.rao65@apl,LOC-5573AE
ACC-4EEE730D,HDFC,HDFC712406172482,current,INR,2021-11-30,,active,person,P-C6B0A6,suresh.saxena81@okaxis,LOC-6FAFC5
ACC-8937F0B6,ICICI,ICICI762217658222,savings,INR,2023-05-18,,active,person,P-D5EEC9,rohan.kapoor86@okhdfcbank,LOC-89DC68
ACC-2B2EF35D,SBI,SBI925703032826,savings,INR,2022-04-09,,active,person,P-63A67E,priya.bhatia78@okaxis,LOC-CF30CF
ACC-8554C01C,PNB,PNB900563278586,current,INR,2022-07-29,,active,person,P-63A67E,priya.bhatia85@sbi,LOC-B91DF4
ACC-7A157553,SBI,SBI451991723639,current,INR,2022-12-12,,active,person,P-5E553D,deepak.chopra62@icici,LOC-CF30CF
ACC-FF6A6870,HDFC,HDFC224569971156,savings,INR,2024-06-06,,active,person,P-5E553D,deepak.chopra21@icici,LOC-8293B3
ACC-DAD9F4DA,ICICI,ICICI526959431472,savings,INR,2024-05-28,,active,person,P-206055,ritu.nair17@apl,LOC-610E4A
ACC-8C92EBF3,ICICI,ICICI427394854221,savings,INR,2021-09-20,,active,person,P-206055,ritu.nair39@apl,LOC-5FE0A6
ACC-0A18CE19,AXIS,AXIS669643686575,salary,INR,2024-10-18,,active,person,P-206055,ritu.nair89@apl,LOC-89DC68
ACC-4D1E10BD,HDFC,HDFC906585881776,current,INR,2023-02-26,,active,person,P-88F08D,pooja.kapoor35@okhdfcbank,LOC-89DC68
ACC-498C671E,ICICI,ICICI838485069861,salary,INR,2024-03-13,,active,person,P-F994FB,anand.yadav56@sbi,LOC-72C536
ACC-48BE4BA2,HDFC,HDFC505036396007,savings,INR,2024-03-25,,active,person,P-F994FB,anand.yadav65@sbi,LOC-B91DF4
ACC-63A386FD,HDFC,HDFC904997963407,savings,INR,2022-04-19,,active,person,P-567519,ashok.mishra63@sbi,LOC-610E4A
ACC-079E204E,HDFC,HDFC220502533078,salary,INR,2022-02-01,,active,person,P-8460E4,rajesh.mehta76@okaxis,LOC-5573AE
ACC-A751BC09,PNB,PNB503897116095,salary,INR,2022-08-04,,active,person,P-8460E4,rajesh.mehta9@okhdfcbank,LOC-5D0F57
ACC-1067BD80,HDFC,HDFC347245150382,savings,INR,2024-10-17,,active,person,P-1E9BE4,rakesh.mehta15@apl,LOC-B94200
ACC-8A595D77,SBI,SBI947138525691,current,INR,2023-05-17,,active,person,P-A12E9E,kavita.aggarwal33@okhdfcbank,LOC-89DC68
ACC-0F538EC4,ICICI,ICICI995029387718,savings,INR,2024-10-16,,active,person,P-2AB384,tarun.gupta4@okhdfcbank,LOC-5573AE
ACC-5B81E609,SBI,SBI606641763667,wallet,INR,2021-11-07,,active,person,P-CD6200,kunal.iyer23@apl,LOC-B91DF4
ACC-BAA8CC68,ICICI,ICICI408135664454,current,INR,2023-09-22,,active,person,P-96DC0A,anita.reddy79@paytm,LOC-610E4A
ACC-15D3482B,AXIS,AXIS930181056433,current,INR,2024-10-03,,active,person,P-96DC0A,anita.reddy52@apl,LOC-5A1703
ACC-F1749530,PNB,PNB367067590239,savings,INR,2023-01-05,,active,person,P-62E107,rajesh.sharma12@paytm,LOC-5D0F57
ACC-427D6215,HDFC,HDFC355612542147,savings,INR,2022-01-06,,active,person,P-6EA37F,abhishek.reddy36@paytm,LOC-5573AE
ACC-E82D6CA7,ICICI,ICICI417003280641,salary,INR,2022-11-02,,active,person,P-0FE2E2,pradeep.joshi95@icici,LOC-5D0F57
ACC-127F5A01,HDFC,HDFC926376191873,salary,INR,2024-11-16,,active,person,P-BDC9CB,rakesh.deshmukh34@paytm,LOC-5573AE
ACC-8A8317B0,ICICI,ICICI923938320339,current,INR,2024-02-13,,active,person,P-22D1EE,sanjay.patel81@sbi,LOC-5D0F57
ACC-37A70C25,SBI,SBI979206111249,salary,INR,2021-12-23,,active,person,P-22D1EE,sanjay.patel69@icici,LOC-6FAFC5
ACC-0B1C25ED,HDFC,HDFC163068352375,salary,INR,2024-02-01,,active,person,P-7469E0,karan.bhatia83@sbi,LOC-8293B3
ACC-88587EDF,SBI,SBI778822830778,savings,INR,2023-09-01,,active,person,P-AB1F5A,sangeeta.banerjee33@okhdfcbank,LOC-8293B3
ACC-F72AA91E,ICICI,ICICI113551802999,salary,INR,2022-10-23,,active,person,P-0546D9,gaurav.joshi43@paytm,LOC-B91DF4
ACC-E68E60EB,SBI,SBI171558427377,savings,INR,2024-05-27,,active,person,P-597B6E,vikram.patel55@apl,LOC-8293B3
ACC-FED8D619,ICICI,ICICI595268583067,savings,INR,2023-02-11,,active,person,P-73211A,anita.iyer43@paytm,LOC-6FAFC5
ACC-F2D3A909,HDFC,HDFC724866977234,savings,INR,2024-11-16,,active,person,P-73211A,anita.iyer78@apl,LOC-CF30CF
ACC-8211BAA4,SBI,SBI892513828044,savings,INR,2022-09-22,,active,person,P-DEFEEA,tarun.mishra52@okaxis,LOC-CF30CF
ACC-B00D2663,ICICI,ICICI994329362243,salary,INR,2023-06-23,,active,person,P-DEFEEA,tarun.mishra71@okaxis,LOC-5D0F57
ACC-9C7AE533,SBI,SBI926884850604,current,INR,2023-04-04,,active,person,P-BD0ABB,rakesh.bose47@okaxis,LOC-89DC68
ACC-75ABEE31,SBI,SBI713506889263,savings,INR,2022-05-04,,active,person,P-BD0ABB,rakesh.bose63@icici,LOC-72C536
ACC-84B7A941,SBI,SBI400099737112,savings,INR,2021-10-12,,active,person,P-BD7B6B,harish.deshmukh45@okhdfcbank,LOC-CF30CF
ACC-0B7146D2,SBI,SBI740347060654,savings,INR,2022-03-11,,active,person,P-BD7B6B,harish.deshmukh2@icici,LOC-5D0F57
ACC-209AA11B,SBI,SBI716567658412,savings,INR,2022-07-15,,active,person,P-BD7B6B,harish.deshmukh50@apl,LOC-8293B3
ACC-48B1A342,AXIS,AXIS570470115818,savings,INR,2023-10-08,,active,person,P-B85ADB,deepak.patel79@paytm,LOC-8293B3
ACC-43E4E89C,SBI,SBI154769297284,savings,INR,2023-01-21,,active,person,P-B85ADB,deepak.patel4@icici,LOC-610E4A
ACC-E2405E3A,ICICI,ICICI595941581704,savings,INR,2021-10-15,,active,person,P-FAFE0F,arun.banerjee47@okaxis,LOC-5573AE
ACC-55FBA4BD,ICICI,ICICI878034086155,salary,INR,2022-05-11,,active,person,P-B605D0,jyoti.saxena39@okhdfcbank,LOC-5A1703
ACC-8BEA8240,SBI,SBI903046399099,savings,INR,2023-04-30,,active,person,P-AB38BA,divya.rao27@icici,LOC-6FAFC5
ACC-6A5934A6,PNB,PNB274275093746,savings,INR,2022-02-09,,active,person,P-AB38BA,divya.rao18@okaxis,LOC-01B036
ACC-45BCDD50,ICICI,ICICI929831331707,current,INR,2023-08-01,,active,person,P-737E7B,harish.kulkarni91@apl,LOC-01B036
ACC-9FCD1E19,PNB,PNB785928743817,savings,INR,2021-11-08,,active,person,P-4DC637,sanjay.chopra52@okaxis,LOC-8293B3
ACC-2E2D8D2E,SBI,SBI369340213366,savings,INR,2022-05-18,,active,person,P-4DC637,sanjay.chopra23@sbi,LOC-72C536
ACC-8EED05D7,SBI,SBI690963674244,savings,INR,2021-11-06,,active,person,P-6DD384,rekha.jain58@icici,LOC-5A1703
ACC-30BF2CE0,SBI,SBI256194213173,salary,INR,2022-01-20,,active,person,P-CA8621,karan.mehta24@sbi,LOC-B94200
ACC-E4F6D03A,HDFC,HDFC318789542143,savings,INR,2023-11-18,,active,person,P-C63A14,deepak.patel61@icici,LOC-01B036
ACC-CAEF580D,ICICI,ICICI717947554938,savings,INR,2024-06-17,,active,person,P-073BEB,ananya.mehta49@apl,LOC-8293B3
ACC-37087B58,ICICI,ICICI330375221610,savings,INR,2021-10-28,,active,person,P-289887,sanjay.sharma26@paytm,LOC-B91DF4
ACC-EF3A8F25,HDFC,HDFC669137577262,current,INR,2023-05-20,,active,person,P-289887,sanjay.sharma17@okaxis,LOC-6FAFC5
ACC-93E735AD,HDFC,HDFC940893594847,savings,INR,2022-10-16,,active,person,P-8586F9,praveen.kapoor73@apl,LOC-5573AE
ACC-7567C9DD,HDFC,HDFC281749349891,savings,INR,2024-11-27,,active,person,P-8586F9,praveen.kapoor26@okaxis,LOC-6FAFC5
ACC-F9D5072C,HDFC,HDFC994449060617,current,INR,2022-01-04,,active,person,P-5329C8,anjali.rao30@okaxis,LOC-6FAFC5
ACC-690405D7,ICICI,ICICI410927198852,savings,INR,2022-01-19,,active,person,P-DF13B8,rekha.aggarwal8@sbi,LOC-72C536
ACC-3EF34B6B,ICICI,ICICI931854150920,savings,INR,2023-04-29,,active,person,P-DF13B8,rekha.aggarwal28@sbi,LOC-8293B3
ACC-04F317F0,HDFC,HDFC371581527375,savings,INR,2023-01-11,,active,person,P-844FCB,komal.bhatia10@paytm,LOC-610E4A
ACC-2B41FBA8,ICICI,ICICI709405452014,savings,INR,2024-10-14,,active,person,P-844FCB,komal.bhatia45@icici,LOC-5A1703
ACC-EC0723D5,HDFC,HDFC795013638738,savings,INR,2021-12-01,,active,person,P-844FCB,komal.bhatia47@okaxis,LOC-6FAFC5
ACC-4535431D,ICICI,ICICI710653646987,savings,INR,2023-06-14,,active,person,P-83C4A2,rajesh.mishra6@apl,LOC-B94200
ACC-6A5B7632,SBI,SBI268282326265,savings,INR,2023-08-31,,active,person,P-83C4A2,rajesh.mishra89@okhdfcbank,LOC-5D0F57
ACC-9E296494,ICICI,ICICI133596599128,savings,INR,2023-06-02,,active,person,P-83C4A2,rajesh.mishra71@okhdfcbank,LOC-5D0F57
ACC-7FD99A57,HDFC,HDFC934000238667,salary,INR,2023-12-30,,active,person,P-8E7BEA,rajesh.verma4@okaxis,LOC-610E4A
ACC-0D67C176,SBI,SBI559424612298,savings,INR,2024-05-25,,active,person,P-232AC7,abhishek.singh70@icici,LOC-B91DF4
ACC-FBC09AE4,ICICI,ICICI885536247576,savings,INR,2024-11-02,,active,person,P-232AC7,abhishek.singh13@paytm,LOC-72C536
ACC-568EE98A,ICICI,ICICI456105804913,salary,INR,2024-11-13,,active,person,P-232AC7,abhishek.singh38@paytm,LOC-B91DF4
ACC-48E035CF,SBI,SBI800619854774,current,INR,2024-10-19,,active,person,P-57F442,deepak.nair78@apl,LOC-610E4A
ACC-85010320,HDFC,HDFC547081055558,salary,INR,2022-11-14,,active,person,P-800807,ritu.mishra18@okhdfcbank,LOC-B91DF4
ACC-B752B99B,HDFC,HDFC477034041632,savings,INR,2024-06-30,,active,person,P-800807,ritu.mishra61@okhdfcbank,LOC-01B036
ACC-08119D6D,AXIS,AXIS527874345768,salary,INR,2023-07-08,,active,person,P-1AD2B3,priya.singh87@paytm,LOC-5D0F57
ACC-3285D009,SBI,SBI508499335592,salary,INR,2022-11-22,,active,person,P-8BA31E,sunil.sharma4@okhdfcbank,LOC-610E4A
ACC-7B1B4B0D,ICICI,ICICI602757787381,savings,INR,2022-05-07,,active,person,P-B9F082,gaurav.iyer63@okhdfcbank,LOC-610E4A
ACC-2269893F,HDFC,HDFC363053800588,savings,INR,2023-04-03,,active,person,P-5E76D1,amit.nair75@okaxis,LOC-5A1703
ACC-E515BE5A,HDFC,HDFC732585846411,salary,INR,2024-08-08,,active,person,P-399353,rakesh.malhotra82@okaxis,LOC-610E4A
ACC-A137C470,SBI,SBI593219411778,savings,INR,2023-08-15,,active,person,P-399353,rakesh.malhotra69@paytm,LOC-89DC68
ACC-5D99DE10,HDFC,HDFC177063614062,savings,INR,2023-05-26,,active,person,P-399353,rakesh.malhotra46@apl,LOC-5A1703
ACC-B1A7F9D4,SBI,SBI647428759734,savings,INR,2024-10-24,,active,person,P-E4B80F,rakesh.bose10@okaxis,LOC-8293B3
ACC-5B1EEEF2,SBI,SBI677001439031,savings,INR,2024-10-05,,active,person,P-E4B80F,rakesh.bose53@apl,LOC-8293B3
ACC-5EFE0048,ICICI,ICICI562441860254,salary,INR,2023-10-18,,active,person,P-91F7AA,rakesh.verma92@sbi,LOC-B91DF4
ACC-52C3CBEB,PNB,PNB517973767927,savings,INR,2023-09-14,,active,person,P-91F7AA,rakesh.verma90@sbi,LOC-5FE0A6
ACC-DD6C30D2,HDFC,HDFC776303281430,wallet,INR,2023-01-09,,active,person,P-570F89,divya.kulkarni77@sbi,LOC-CF30CF
ACC-8CC9D136,AXIS,AXIS451557784752,savings,INR,2023-10-21,,active,person,P-17C578,sunita.verma71@icici,LOC-5A1703
ACC-FBCB9E7B,SBI,SBI416126428021,salary,INR,2024-07-03,,active,person,P-17C578,sunita.verma63@apl,LOC-CF30CF
ACC-5D362867,SBI,SBI650413090693,savings,INR,2022-05-20,,active,person,P-45917F,praveen.iyer45@apl,LOC-5D0F57
ACC-DE9AAAD1,AXIS,AXIS839814193844,savings,INR,2024-01-14,,active,person,P-45917F,praveen.iyer6@okaxis,LOC-89DC68
ACC-992F5491,PNB,PNB868105692126,savings,INR,2024-08-28,,active,person,P-EE086A,ananya.deshmukh16@icici,LOC-5A1703
ACC-F89497CE,ICICI,ICICI662534012393,savings,INR,2022-04-06,,active,person,P-819CF9,rajesh.singh95@icici,LOC-6FAFC5
ACC-BBC33541,SBI,SBI328584216824,salary,INR,2022-10-05,,active,person,P-819CF9,rajesh.singh78@sbi,LOC-5A1703
ACC-0BFDB836,SBI,SBI105230739910,savings,INR,2022-07-25,,active,person,P-819CF9,rajesh.singh53@okhdfcbank,LOC-B94200
ACC-1DA8E1DA,HDFC,HDFC543037037555,savings,INR,2023-03-14,,active,person,P-3E44ED,harish.kulkarni32@apl,LOC-8293B3
ACC-A3D9B4AC,ICICI,ICICI791266884154,wallet,INR,2022-09-21,,active,person,P-3E44ED,harish.kulkarni36@okhdfcbank,LOC-6FAFC5
ACC-AC49B98F,AXIS,AXIS945107882595,savings,INR,2024-08-28,,active,person,P-3409A3,meera.iyer36@okhdfcbank,LOC-CF30CF
ACC-A155F70A,ICICI,ICICI801111124478,savings,INR,2024-04-27,,active,person,P-E2F150,komal.reddy21@okhdfcbank,LOC-5D0F57
ACC-E78C1F3D,ICICI,ICICI189188286236,savings,INR,2023-08-02,,active,person,P-527257,arun.jain90@okhdfcbank,LOC-CF30CF
ACC-95E93B72,SBI,SBI501319055984,salary,INR,2023-05-15,,active,person,P-43B974,sanjay.kulkarni44@apl,LOC-610E4A
ACC-2DA13C7E,HDFC,HDFC829643673183,savings,INR,2022-12-02,,active,person,P-65EE7B,pooja.patel17@icici,LOC-8293B3
ACC-E7E288AE,ICICI,ICICI714002895933,savings,INR,2023-03-30,,active,person,P-0B03AA,rohan.mehta84@okaxis,LOC-B94200
ACC-FA20FA92,HDFC,HDFC490541118819,savings,INR,2023-05-28,,active,person,P-F031F8,suresh.deshmukh43@okhdfcbank,LOC-CF30CF
ACC-538162FE,AXIS,AXIS700506892096,savings,INR,2022-06-05,,active,person,P-8023DF,neha.chopra75@icici,LOC-6FAFC5
ACC-411F99D7,ICICI,ICICI924415145760,savings,INR,2024-02-14,,active,person,P-149297,tarun.pandey81@okaxis,LOC-5D0F57
ACC-30C5F73A,HDFC,HDFC671503208335,savings,INR,2024-11-23,,active,person,P-149297,tarun.pandey44@sbi,LOC-CF30CF
ACC-83270082,ICICI,ICICI799021803567,salary,INR,2022-04-28,,active,person,P-F4C4B5,komal.verma75@okhdfcbank,LOC-B94200
ACC-B3B2AA2D,HDFC,HDFC368359734411,savings,INR,2024-04-28,,active,person,P-3274CF,sunil.aggarwal90@apl,LOC-B91DF4
ACC-55B79576,SBI,SBI623363441954,salary,INR,2023-01-03,,active,person,P-3274CF,sunil.aggarwal51@okhdfcbank,LOC-8293B3
ACC-E9D19444,SBI,SBI482491604063,salary,INR,2023-05-17,,active,person,P-815044,anand.rao17@okaxis,LOC-5573AE
ACC-AAB0979B,SBI,SBI375397957967,current,INR,2024-04-16,,active,person,P-331263,harish.aggarwal36@icici,LOC-5573AE
ACC-BBDAF3A5,ICICI,ICICI418566851385,current,INR,2024-03-14,,active,person,P-C213D5,shweta.iyer95@okaxis,LOC-5FE0A6
ACC-A9695C1F,SBI,SBI355542881337,savings,INR,2023-08-06,,active,person,P-FEC9B0,pradeep.kapoor59@icici,LOC-5573AE
ACC-3FFDE956,HDFC,HDFC125544604303,savings,INR,2024-11-01,,active,person,P-E41CE3,vikram.malhotra3@okhdfcbank,LOC-5A1703
ACC-78F4EF52,HDFC,HDFC144334389829,salary,INR,2022-09-28,,active,person,P-E40C0A,praveen.gupta85@okhdfcbank,LOC-01B036
ACC-491C46C5,HDFC,HDFC530950625273,salary,INR,2024-09-22,,active,person,P-E40C0A,praveen.gupta46@icici,LOC-5D0F57
ACC-B52C6E8F,ICICI,ICICI823909448728,savings,INR,2022-03-02,,active,person,P-04649D,suresh.yadav18@paytm,LOC-89DC68
ACC-8A547626,HDFC,HDFC274384750657,salary,INR,2024-03-13,,active,person,P-04649D,suresh.yadav63@sbi,LOC-5FE0A6
ACC-C000F4D0,ICICI,ICICI581684900622,salary,INR,2022-08-31,,active,person,P-31B4AF,ritu.rao49@apl,LOC-89DC68
ACC-DC08392A,AXIS,AXIS976543474826,current,INR,2023-04-17,,active,person,P-44AC04,rahul.patel16@sbi,LOC-89DC68
ACC-8FB0BB04,SBI,SBI104529652887,savings,INR,2022-08-04,,active,person,P-908B3B,vikram.mehta59@apl,LOC-5D0F57
ACC-E104EFD1,ICICI,ICICI157916057396,savings,INR,2022-10-01,,active,person,P-908B3B,vikram.mehta55@okhdfcbank,LOC-B91DF4
ACC-92575083,HDFC,HDFC469956559644,wallet,INR,2023-03-08,,active,person,P-3B1E19,sneha.mehta59@okhdfcbank,LOC-5D0F57
ACC-39894896,AXIS,AXIS533695876779,savings,INR,2022-02-20,,active,person,P-3B1E19,sneha.mehta3@paytm,LOC-B91DF4
ACC-DF64C5B4,SBI,SBI895177328462,savings,INR,2023-02-23,,active,person,P-15C91D,sanjay.mehta24@okaxis,LOC-B94200
ACC-EA752C2E,SBI,SBI337867839094,wallet,INR,2024-05-11,,active,person,P-15C91D,sanjay.mehta65@sbi,LOC-B91DF4
ACC-52D17310,ICICI,ICICI761806809831,salary,INR,2022-06-24,,active,person,P-99A046,ananya.kapoor89@sbi,LOC-CF30CF
ACC-AFFE5B59,ICICI,ICICI958270910160,savings,INR,2024-03-11,,active,person,P-5128C2,anjali.nair8@okaxis,LOC-5A1703
ACC-7E3C6609,ICICI,ICICI161362175090,savings,INR,2021-12-30,,active,person,P-5128C2,anjali.nair51@okhdfcbank,LOC-72C536
ACC-C38B4A70,SBI,SBI531378406091,savings,INR,2022-07-05,,active,person,P-15700B,pradeep.banerjee1@apl,LOC-6FAFC5
ACC-9D1BB441,ICICI,ICICI464345943733,current,INR,2023-07-11,,active,person,P-15700B,pradeep.banerjee47@okaxis,LOC-5FE0A6
ACC-5909592E,HDFC,HDFC152255503712,salary,INR,2022-11-23,,active,person,P-57553A,gaurav.mehta3@okaxis,LOC-610E4A
ACC-DCE50D24,SBI,SBI515157691987,salary,INR,2022-06-29,,active,person,P-8DF5FC,gaurav.reddy47@okaxis,LOC-5A1703
ACC-BC471B64,SBI,SBI583278128004,salary,INR,2021-11-05,,active,person,P-8DF5FC,gaurav.reddy94@icici,LOC-72C536
ACC-6CA4A318,HDFC,HDFC386205260598,salary,INR,2023-01-04,,active,person,P-8DF5FC,gaurav.reddy39@apl,LOC-6FAFC5
ACC-B2D5CF37,SBI,SBI837727603323,savings,INR,2021-12-05,,active,person,P-89A587,harish.singh36@apl,LOC-5573AE
ACC-5B093BDF,AXIS,AXIS425187957698,savings,INR,2024-07-09,,active,person,P-89A587,harish.singh86@okhdfcbank,LOC-CF30CF
ACC-C20499A4,SBI,SBI379902257971,savings,INR,2021-10-05,,active,person,P-89A587,harish.singh6@paytm,LOC-5A1703
ACC-7E735179,PNB,PNB862787172867,savings,INR,2022-05-15,,active,person,P-222AEF,praveen.verma33@icici,LOC-610E4A
ACC-7D171084,ICICI,ICICI471837988668,salary,INR,2021-11-26,,active,person,P-EDEB79,anita.patel13@icici,LOC-610E4A
ACC-DAA24C1D,HDFC,HDFC849457673924,current,INR,2023-06-18,,active,person,P-EDEB79,anita.patel22@okhdfcbank,LOC-B91DF4
ACC-0E6DA6FB,SBI,SBI698288490759,savings,INR,2024-03-17,,active,person,P-EDEB79,anita.patel77@icici,LOC-72C536
ACC-96199F28,SBI,SBI959801196021,savings,INR,2024-02-15,,active,person,P-E3F873,gaurav.joshi40@okhdfcbank,LOC-5573AE
ACC-9DB7E6D9,AXIS,AXIS408904947685,salary,INR,2024-09-19,,active,person,P-E3F873,gaurav.joshi24@icici,LOC-6FAFC5
ACC-A50615B2,ICICI,ICICI331371070848,savings,INR,2023-09-01,,active,person,P-CF1BE5,amit.patel15@okaxis,LOC-5A1703
ACC-19ED3052,HDFC,HDFC875776754964,savings,INR,2022-04-26,,active,person,P-CF1BE5,amit.patel97@paytm,LOC-5D0F57
ACC-E5AC4E55,AXIS,AXIS282877835827,savings,INR,2024-04-01,,active,person,P-EF7A0F,divya.kapoor8@paytm,LOC-B94200
ACC-61089A50,ICICI,ICICI778729328372,savings,INR,2024-03-28,,active,person,P-88C03E,divya.saxena79@okhdfcbank,LOC-B91DF4
ACC-8DF317F7,HDFC,HDFC310957461395,savings,INR,2022-01-23,,active,person,P-88C03E,divya.saxena14@okhdfcbank,LOC-5A1703
ACC-23E05A21,ICICI,ICICI821945986519,savings,INR,2021-11-25,,active,person,P-22AC96,abhishek.mishra38@paytm,LOC-B94200
ACC-8844BEE6,SBI,SBI880791594146,savings,INR,2022-11-22,,active,person,P-C93C8A,ashok.malhotra65@okaxis,LOC-5D0F57
ACC-DE41D24F,SBI,SBI911747932217,savings,INR,2022-06-08,,active,person,P-C93C8A,ashok.malhotra17@okaxis,LOC-8293B3
ACC-4A92A9F4,HDFC,HDFC331344226623,savings,INR,2022-05-11,,active,person,P-C93C8A,ashok.malhotra64@icici,LOC-89DC68
ACC-F50AF228,AXIS,AXIS324381976575,current,INR,2022-01-02,,active,person,P-E6E273,vikas.patel2@okhdfcbank,LOC-B91DF4
ACC-EAB25E61,ICICI,ICICI430906217631,salary,INR,2022-06-23,,active,person,P-7BE4BD,anita.rao86@icici,LOC-5573AE
ACC-E9DF0080,ICICI,ICICI270983314537,savings,INR,2024-11-25,,active,person,P-7E0684,rakesh.gupta22@okhdfcbank,LOC-89DC68
ACC-7E5F934A,HDFC,HDFC717749275972,salary,INR,2023-07-19,,active,person,P-7E0684,rakesh.gupta19@okaxis,LOC-6FAFC5
ACC-119333DD,AXIS,AXIS621752688144,salary,INR,2024-02-19,,active,person,P-BB0600,vikas.patel53@okhdfcbank,LOC-B94200
ACC-46278FEB,HDFC,HDFC693338371916,savings,INR,2022-10-01,,active,person,P-BB0600,vikas.patel15@apl,LOC-B94200
ACC-497D06C4,HDFC,HDFC713153430490,wallet,INR,2022-08-25,,active,person,P-BB0600,vikas.patel55@sbi,LOC-CF30CF
ACC-1E28DA2B,PNB,PNB511676117009,savings,INR,2024-01-22,,active,person,P-65FAAA,anita.chopra30@okhdfcbank,LOC-5573AE
ACC-1FCBE350,HDFC,HDFC691712076994,current,INR,2023-11-30,,active,person,P-65FAAA,anita.chopra80@sbi,LOC-5D0F57
ACC-2D70C018,AXIS,AXIS765721948656,savings,INR,2021-10-16,,active,person,P-C6E67C,anand.bose24@okaxis,LOC-5A1703
ACC-F59BCDC1,SBI,SBI298209433059,savings,INR,2022-07-29,,active,person,P-0739BA,divya.malhotra48@paytm,LOC-5A1703
ACC-7E6B9903,HDFC,HDFC316314361702,current,INR,2024-05-25,,active,person,P-0739BA,divya.malhotra97@paytm,LOC-CF30CF
ACC-5B778870,ICICI,ICICI450445688559,savings,INR,2021-09-19,,active,person,P-0739BA,divya.malhotra44@sbi,LOC-610E4A
ACC-24FA4F72,ICICI,ICICI106967100618,salary,INR,2023-01-02,,active,person,P-41C109,karan.verma92@paytm,LOC-5D0F57
ACC-F60B3B28,ICICI,ICICI403933850347,savings,INR,2024-08-17,,active,person,P-41C109,karan.verma36@okaxis,LOC-01B036
ACC-AC76B0DC,AXIS,AXIS394202106577,salary,INR,2023-02-28,,active,person,P-B6B930,pooja.jain28@paytm,LOC-6FAFC5
ACC-A0C02AAC,HDFC,HDFC864739494353,salary,INR,2023-08-02,,active,person,P-D530E0,manoj.kapoor19@paytm,LOC-6FAFC5
ACC-5C7A6FE3,PNB,PNB617601290838,savings,INR,2021-11-20,,active,person,P-D530E0,manoj.kapoor14@icici,LOC-72C536
ACC-B4571B52,SBI,SBI372348150537,savings,INR,2022-02-13,,active,person,P-D40699,tarun.patel38@okaxis,LOC-8293B3
ACC-1180C451,HDFC,HDFC839042660827,savings,INR,2021-10-26,,active,person,P-93F426,meera.kulkarni8@okaxis,LOC-5573AE
ACC-A177B19C,SBI,SBI265418783647,salary,INR,2024-08-10,,active,person,P-DDFDA7,ritu.patel13@sbi,LOC-5D0F57
ACC-CB5C22A7,HDFC,HDFC750438468428,savings,INR,2024-11-05,,active,person,P-7C725B,suresh.mishra86@icici,LOC-B94200
ACC-AA0980C3,SBI,SBI309252349327,current,INR,2022-08-01,,active,person,P-572C6E,divya.sharma99@okhdfcbank,LOC-5FE0A6
ACC-DAAE048F,AXIS,AXIS114990038369,salary,INR,2022-04-13,,active,person,P-655405,deepak.aggarwal87@sbi,LOC-610E4A
ACC-36FADAB1,SBI,SBI896756591423,salary,INR,2024-01-18,,active,person,P-655405,deepak.aggarwal41@sbi,LOC-5A1703
ACC-5B324375,SBI,SBI197383980246,savings,INR,2023-09-06,,active,person,P-655405,deepak.aggarwal42@okaxis,LOC-6FAFC5
ACC-13C79535,SBI,SBI467804934676,savings,INR,2024-05-14,,active,person,P-EA1C8F,rajesh.verma94@okhdfcbank,LOC-CF30CF
ACC-6FF40BE0,AXIS,AXIS443418693283,savings,INR,2024-05-09,,active,person,P-3961E1,ritu.deshmukh2@sbi,LOC-89DC68
ACC-1C590D2B,ICICI,ICICI448679988369,savings,INR,2023-05-05,,active,person,P-3961E1,ritu.deshmukh43@okaxis,LOC-5573AE
ACC-F6DEED0F,SBI,SBI830815462704,salary,INR,2023-05-14,,active,person,P-D72089,pradeep.gupta78@icici,LOC-5D0F57
ACC-ECEED765,AXIS,AXIS751486382607,savings,INR,2024-08-29,,active,person,P-80526A,neha.yadav28@icici,LOC-5FE0A6
ACC-AA853E91,ICICI,ICICI511256135896,current,INR,2022-05-29,,active,person,P-ECCA1C,manoj.rao13@apl,LOC-B91DF4
ACC-A75D8606,HDFC,HDFC791662865152,savings,INR,2022-04-21,,active,person,P-ECCA1C,manoj.rao86@okhdfcbank,LOC-610E4A
ACC-6E800452,AXIS,AXIS839031536241,savings,INR,2024-11-27,,active,person,P-ECCA1C,manoj.rao97@okhdfcbank,LOC-5573AE
ACC-0DFFE24F,HDFC,HDFC764139534229,savings,INR,2023-05-12,,active,person,P-20487F,vikas.sharma91@icici,LOC-6FAFC5
ACC-B4CFB031,ICICI,ICICI526165976955,savings,INR,2022-08-27,,active,person,P-9C18A2,jyoti.aggarwal72@paytm,LOC-01B036
ACC-709EA253,HDFC,HDFC720107895164,savings,INR,2024-06-26,,active,person,P-A2811F,sunil.nair69@paytm,LOC-72C536
ACC-F5019FEA,AXIS,AXIS346363480927,savings,INR,2022-02-13,,active,person,P-A2811F,sunil.nair61@apl,LOC-5D0F57
ACC-B30B63B4,HDFC,HDFC944795544103,salary,INR,2022-01-28,,active,person,P-0186A2,sanjay.bhatia57@paytm,LOC-5D0F57
ACC-2C9238A6,HDFC,HDFC366940798089,salary,INR,2023-06-20,,active,person,P-0186A2,sanjay.bhatia85@okaxis,LOC-72C536
ACC-83E06D5B,HDFC,HDFC705344074790,savings,INR,2024-03-17,,active,person,P-0186A2,sanjay.bhatia11@okhdfcbank,LOC-89DC68
ACC-E8F65FB3,PNB,PNB768859957615,savings,INR,2022-02-20,,active,person,P-E5F4E8,arun.chopra33@apl,LOC-72C536
ACC-E4FF1035,PNB,PNB811696527279,savings,INR,2023-08-04,,active,person,P-E5F4E8,arun.chopra83@paytm,LOC-89DC68
ACC-3D27D5A7,ICICI,ICICI625777164786,savings,INR,2023-02-28,,active,person,P-CB35BE,sangeeta.bose48@okaxis,LOC-72C536
ACC-0F5CC948,ICICI,ICICI171620343407,savings,INR,2023-06-11,,active,person,P-CA5FE9,pradeep.bhatia60@sbi,LOC-8293B3
ACC-FDB50D0F,ICICI,ICICI165736495737,savings,INR,2024-08-27,,active,person,P-CA5FE9,pradeep.bhatia72@icici,LOC-6FAFC5
ACC-36B97DB7,AXIS,AXIS482222442379,savings,INR,2022-01-07,,active,person,P-99E811,praveen.rao86@sbi,LOC-8293B3
ACC-85E4CE5B,ICICI,ICICI738209254897,savings,INR,2024-03-27,,active,person,P-99E811,praveen.rao70@paytm,LOC-610E4A
ACC-28F0CC0E,SBI,SBI649717713966,salary,INR,2024-08-17,,active,person,P-9BF1C3,manoj.saxena81@sbi,LOC-6FAFC5
ACC-2DF780D2,AXIS,AXIS714008835355,savings,INR,2022-02-26,,active,person,P-F868F1,rajesh.pandey22@sbi,LOC-610E4A
ACC-0BDA7086,AXIS,AXIS951791494922,savings,INR,2022-01-16,,active,person,P-F868F1,rajesh.pandey69@apl,LOC-8293B3
ACC-A52C9649,ICICI,ICICI259378065552,salary,INR,2022-08-20,,active,person,P-7E95E0,praveen.mehta26@okhdfcbank,LOC-8293B3
ACC-B0745D89,HDFC,HDFC682010768081,salary,INR,2022-02-26,,active,person,P-57E8B4,tarun.patel14@paytm,LOC-6FAFC5
ACC-01147586,HDFC,HDFC540966817878,savings,INR,2024-11-14,,active,person,P-B21EC7,pooja.bose76@sbi,LOC-01B036
ACC-FE4F2D79,SBI,SBI169276335063,salary,INR,2024-06-29,,active,person,P-95A9E8,kavita.malhotra62@paytm,LOC-B94200
ACC-F3AA9C32,SBI,SBI726387053932,savings,INR,2023-05-20,,active,person,P-95A9E8,kavita.malhotra96@paytm,LOC-6FAFC5
ACC-8C18ED7E,ICICI,ICICI920313942402,savings,INR,2022-10-02,,active,person,P-1F501F,manoj.yadav44@icici,LOC-B94200
ACC-FD238037,HDFC,HDFC142397184770,savings,INR,2021-12-27,,active,person,P-1F501F,manoj.yadav47@okaxis,LOC-5573AE
ACC-28593906,ICICI,ICICI502268179564,savings,INR,2022-11-12,,active,person,P-B0F70C,naveen.mehta95@apl,LOC-B94200
ACC-C747396B,ICICI,ICICI185324572622,salary,INR,2022-07-29,,active,person,P-0D6C67,kavita.aggarwal62@icici,LOC-5573AE
ACC-1E6E544C,SBI,SBI265703428765,savings,INR,2024-06-27,,active,person,P-5C5346,komal.joshi14@okhdfcbank,LOC-8293B3
ACC-3EE2A3F5,ICICI,ICICI898648177799,wallet,INR,2024-07-22,,active,person,P-DC94E7,sneha.rao98@sbi,LOC-6FAFC5
ACC-5695FEC8,ICICI,ICICI816915168572,savings,INR,2024-07-04,,active,person,P-DC94E7,sneha.rao15@okaxis,LOC-5D0F57
ACC-094132CA,SBI,SBI472134935882,savings,INR,2022-08-07,,active,person,P-75F477,deepak.aggarwal50@icici,LOC-72C536
ACC-898F3503,HDFC,HDFC832554104562,savings,INR,2022-09-14,,active,person,P-5CA19D,manoj.bhatia82@sbi,LOC-89DC68
ACC-BA8677F7,SBI,SBI714622655689,savings,INR,2021-09-22,,active,person,P-5CA19D,manoj.bhatia73@okhdfcbank,LOC-5D0F57
ACC-D23156B1,ICICI,ICICI899870858472,current,INR,2023-09-17,,active,person,P-F52ABB,manish.sharma69@sbi,LOC-6FAFC5
ACC-E6BFF7B7,SBI,SBI608012104804,savings,INR,2023-07-15,,active,person,P-AB4021,kunal.patel92@apl,LOC-8293B3
ACC-3C347714,PNB,PNB856887168198,savings,INR,2021-11-12,,active,person,P-AB4021,kunal.patel14@okaxis,LOC-CF30CF
ACC-7A6A08C8,PNB,PNB831266941332,savings,INR,2023-03-01,,active,person,P-DB15C5,shweta.verma61@okhdfcbank,LOC-01B036
ACC-CF0FACD9,HDFC,HDFC180441558034,savings,INR,2022-05-19,,active,person,P-DB15C5,shweta.verma38@okaxis,LOC-610E4A
ACC-61931B38,ICICI,ICICI182610223375,savings,INR,2023-04-13,,active,person,P-6BB709,kavita.patel14@sbi,LOC-CF30CF
ACC-584FC54B,SBI,SBI258274754796,savings,INR,2023-03-28,,active,person,P-50C50A,vikram.kulkarni95@okaxis,LOC-6FAFC5
ACC-2F21E525,SBI,SBI542917639297,savings,INR,2021-10-19,,active,person,P-5BD1D5,sneha.nair75@okhdfcbank,LOC-B94200
ACC-526300CB,ICICI,ICICI105264027084,savings,INR,2024-08-14,,active,person,P-5BD1D5,sneha.nair81@sbi,LOC-5573AE
ACC-0C3338CB,ICICI,ICICI724103020600,savings,INR,2024-04-20,,active,person,P-5BD1D5,sneha.nair11@apl,LOC-CF30CF
ACC-23BDB40E,ICICI,ICICI619331288941,savings,INR,2023-09-07,,active,person,P-3772B9,karan.yadav36@sbi,LOC-610E4A
ACC-6DDA7017,SBI,SBI532034049965,salary,INR,2022-07-20,,active,person,P-3772B9,karan.yadav68@icici,LOC-5573AE
ACC-ED307DEB,ICICI,ICICI320292890448,savings,INR,2024-08-27,,active,person,P-C53176,sanjay.reddy23@icici,LOC-5573AE
ACC-3C9DB907,AXIS,AXIS619240441240,savings,INR,2024-08-12,,active,person,P-C53176,sanjay.reddy3@sbi,LOC-72C536
ACC-DBEB6610,ICICI,ICICI766085986746,savings,INR,2023-12-10,,active,person,P-72F4BB,divya.bose63@okaxis,LOC-B91DF4
ACC-84C28461,SBI,SBI216002593390,savings,INR,2022-03-18,,active,person,P-57D107,vikram.jain94@paytm,LOC-8293B3
ACC-1FA89F2F,AXIS,AXIS575979760656,savings,INR,2023-10-19,,active,person,P-57D107,vikram.jain87@icici,LOC-CF30CF
ACC-D022953F,ICICI,ICICI488047059770,wallet,INR,2024-01-06,,active,person,P-57D107,vikram.jain3@sbi,LOC-CF30CF
ACC-45CCAE59,SBI,SBI212038041301,savings,INR,2024-05-19,,active,person,P-CFBBDF,suresh.mehta38@icici,LOC-89DC68
ACC-9C70413B,HDFC,HDFC213741815815,savings,INR,2023-11-09,,active,person,P-C0F365,deepika.gupta16@paytm,LOC-B94200
ACC-DE1CF742,AXIS,AXIS889303187164,salary,INR,2024-07-20,,active,person,P-3145B8,priya.verma23@okhdfcbank,LOC-5FE0A6
ACC-109A17D2,HDFC,HDFC898241195518,savings,INR,2022-12-20,,active,person,P-3145B8,priya.verma90@icici,LOC-B94200
ACC-C55FB7F1,HDFC,HDFC701463092886,wallet,INR,2023-05-08,,active,person,P-D20ADA,arun.mehta54@icici,LOC-5A1703
ACC-A25B6E6E,ICICI,ICICI181505658006,savings,INR,2022-07-28,,active,person,P-FF3F83,naveen.sharma54@icici,LOC-610E4A
ACC-FDF119A8,SBI,SBI574082028661,current,INR,2024-10-29,,active,person,P-2E40C9,divya.yadav67@icici,LOC-5573AE
ACC-8932B42F,ICICI,ICICI574298504520,savings,INR,2022-08-01,,active,person,P-61E34B,pooja.chopra94@okaxis,LOC-6FAFC5
ACC-112AD727,HDFC,HDFC547580615716,savings,INR,2023-03-21,,active,person,P-FA2BC6,meera.bose25@okhdfcbank,LOC-01B036
ACC-04896C1E,HDFC,HDFC556202729065,salary,INR,2023-06-26,,active,person,P-CE5BCD,naveen.saxena50@apl,LOC-01B036
ACC-8D105138,SBI,SBI995374944416,savings,INR,2021-09-23,,active,person,P-0FFC36,priya.malhotra75@apl,LOC-6FAFC5
ACC-BB2D838E,SBI,SBI594973777504,savings,INR,2024-11-21,,active,person,P-0FFC36,priya.malhotra48@icici,LOC-5A1703
ACC-9D48F945,HDFC,HDFC822452201695,savings,INR,2023-08-13,,active,person,P-0FFC36,priya.malhotra6@okhdfcbank,LOC-B91DF4
ACC-16AF913D,AXIS,AXIS264031247248,savings,INR,2024-09-14,,active,person,P-D774C3,sneha.verma78@icici,LOC-6FAFC5
ACC-59C64418,SBI,SBI613826147955,current,INR,2024-06-30,,active,person,P-6A2B92,sunita.bose89@okaxis,LOC-CF30CF
ACC-2781B68C,SBI,SBI439615574639,savings,INR,2022-12-13,,active,person,P-6015F5,priya.deshmukh91@paytm,LOC-5A1703
ACC-AD850502,ICICI,ICICI894003159046,savings,INR,2023-01-09,,active,person,P-801F1D,tarun.chopra32@okaxis,LOC-5573AE
ACC-E1CE1860,HDFC,HDFC447292582999,salary,INR,2024-02-03,,active,person,P-801F1D,tarun.chopra53@okhdfcbank,LOC-5FE0A6
ACC-C10A16A3,ICICI,ICICI278799846932,salary,INR,2022-03-19,,active,person,P-43F672,kavita.saxena36@okhdfcbank,LOC-B91DF4
ACC-B57D2704,PNB,PNB887949168559,salary,INR,2022-05-21,,active,person,P-D450C9,deepika.mishra17@paytm,LOC-5D0F57
ACC-706931CE,SBI,SBI701248591377,savings,INR,2023-12-11,,active,person,P-D450C9,deepika.mishra74@apl,LOC-CF30CF
ACC-D1DC8E08,SBI,SBI935324770210,savings,INR,2023-01-27,,active,person,P-D450C9,deepika.mishra60@apl,LOC-89DC68
ACC-8637A05D,SBI,SBI869641182565,savings,INR,2022-04-05,,active,person,P-ECA749,shweta.sharma24@paytm,LOC-B91DF4
ACC-68F4CBEB,AXIS,AXIS176667406463,savings,INR,2024-11-10,,active,person,P-ECA749,shweta.sharma8@sbi,LOC-72C536
ACC-7444ECE7,ICICI,ICICI832057131968,savings,INR,2022-07-23,,active,person,P-2CC4D9,pradeep.reddy74@apl,LOC-B94200
ACC-0DE8700B,HDFC,HDFC690614404176,current,INR,2023-04-20,,active,person,P-DB388A,harish.saxena38@okaxis,LOC-5573AE
ACC-0D60455F,SBI,SBI849550648834,savings,INR,2024-01-27,,active,person,P-8F1C9E,anjali.banerjee58@sbi,LOC-8293B3
ACC-3A783129,AXIS,AXIS598024412269,salary,INR,2022-03-05,,active,person,P-605C08,meera.yadav98@apl,LOC-5573AE
ACC-10C2E6D2,HDFC,HDFC784976714287,savings,INR,2024-04-03,,active,person,P-605C08,meera.yadav71@sbi,LOC-72C536
ACC-A119FAF7,SBI,SBI429803081450,savings,INR,2024-08-21,,active,person,P-5E5724,priya.reddy98@apl,LOC-89DC68
ACC-2A8BFBBF,SBI,SBI574735754022,salary,INR,2024-08-29,,active,person,P-11B46B,shweta.deshmukh75@apl,LOC-01B036
ACC-0495B324,SBI,SBI252703403782,savings,INR,2021-12-04,,active,person,P-11B46B,shweta.deshmukh5@paytm,LOC-5FE0A6
ACC-DC14D38D,SBI,SBI418276839627,savings,INR,2023-11-30,,active,person,P-EBF368,pooja.mishra42@okhdfcbank,LOC-8293B3
ACC-63A9E70D,HDFC,HDFC471481328423,savings,INR,2022-04-20,,active,person,P-4BC009,divya.aggarwal67@apl,LOC-5573AE
ACC-C4EBBD61,AXIS,AXIS851121909200,salary,INR,2024-04-04,,active,person,P-1F50CE,pooja.deshmukh97@apl,LOC-6FAFC5
ACC-D72AB034,SBI,SBI190408553274,salary,INR,2021-10-02,,active,person,P-1F50CE,pooja.deshmukh60@icici,LOC-CF30CF
ACC-E62B79DD,HDFC,HDFC175597567179,salary,INR,2024-05-01,,active,person,P-E880A0,rekha.nair27@okhdfcbank,LOC-8293B3
ACC-3079F1DF,ICICI,ICICI326390138223,savings,INR,2022-09-21,,active,person,P-43F24E,arun.joshi84@sbi,LOC-6FAFC5
ACC-3592B939,HDFC,HDFC258745492254,savings,INR,2022-12-23,,active,person,P-43F24E,arun.joshi30@sbi,LOC-5573AE
ACC-84733144,ICICI,ICICI517053162945,savings,INR,2023-06-29,,active,person,P-80B970,rajesh.saxena77@sbi,LOC-6FAFC5
ACC-C2168AF0,HDFC,HDFC585832152237,savings,INR,2022-07-20,,active,person,P-D1DE95,manish.joshi16@apl,LOC-72C536
ACC-DCD5A7F5,ICICI,ICICI433793474342,salary,INR,2024-08-18,,active,person,P-9AFEDE,sangeeta.iyer66@apl,LOC-5FE0A6
ACC-D027F38D,SBI,SBI214541300309,savings,INR,2022-09-07,,active,person,P-527DED,jyoti.rao66@okaxis,LOC-CF30CF
ACC-1506C974,AXIS,AXIS616854766807,current,INR,2022-07-16,,active,person,P-0E0EAF,deepika.pandey87@okhdfcbank,LOC-5A1703
ACC-E20A9493,SBI,SBI679788417448,savings,INR,2023-09-06,,active,person,P-F1B878,jyoti.pandey21@okaxis,LOC-5573AE
ACC-4BC67953,SBI,SBI508606117417,savings,INR,2022-06-11,,active,person,P-F1B878,jyoti.pandey24@apl,LOC-72C536
ACC-99D4D56B,SBI,SBI510123154219,salary,INR,2024-11-18,,active,person,P-616E06,sunil.mishra88@sbi,LOC-89DC68
ACC-0DF7BD62,SBI,SBI457060124894,current,INR,2022-06-20,,active,person,P-616E06,sunil.mishra42@icici,LOC-B94200
ACC-669AEF8C,HDFC,HDFC178654604692,savings,INR,2023-03-01,,active,person,P-616E06,sunil.mishra64@apl,LOC-5D0F57
ACC-77E86ED1,SBI,SBI503649068496,savings,INR,2022-01-30,,active,person,P-0D35EA,komal.yadav56@paytm,LOC-01B036
ACC-C794634C,SBI,SBI192792528591,salary,INR,2023-02-26,,active,person,P-0D35EA,komal.yadav12@apl,LOC-B94200
ACC-8A0D8720,SBI,SBI578913647649,salary,INR,2022-01-27,,active,person,P-0D35EA,komal.yadav53@paytm,LOC-8293B3
ACC-E4E6E385,SBI,SBI743137155087,savings,INR,2022-04-21,,active,person,P-96020F,vikram.sharma73@okaxis,LOC-5D0F57
ACC-759E574C,AXIS,AXIS918668606631,savings,INR,2023-10-18,,active,person,P-636F5F,sunil.patel3@apl,LOC-5573AE
ACC-7BEC4376,SBI,SBI643216848337,salary,INR,2023-12-01,,active,person,P-4C6B6B,naveen.banerjee34@icici,LOC-5FE0A6
ACC-4FC1F714,ICICI,ICICI970490607776,savings,INR,2022-11-11,,active,person,P-1B82E2,meera.verma61@sbi,LOC-B94200
ACC-FBB913C1,HDFC,HDFC669666240403,wallet,INR,2024-05-05,,active,person,P-772E29,ashok.nair54@okhdfcbank,LOC-B94200
ACC-17985CC6,AXIS,AXIS714012215499,savings,INR,2024-04-23,,active,person,P-92D2E2,rakesh.rao54@okhdfcbank,LOC-B94200
ACC-21F6DBD5,SBI,SBI848273498750,savings,INR,2024-02-11,,active,person,P-C3FE0B,manish.reddy98@okaxis,LOC-89DC68
ACC-6BBAE527,HDFC,HDFC992044694997,salary,INR,2021-09-24,,active,person,P-C3FE0B,manish.reddy7@icici,LOC-B94200
ACC-7C5E6403,ICICI,ICICI451231586050,savings,INR,2022-07-09,,active,person,P-F68F55,sunita.pandey3@sbi,LOC-5FE0A6
ACC-BE7A05CE,SBI,SBI269852385414,current,INR,2023-05-14,,active,person,P-B4D2CC,karan.kapoor49@apl,LOC-610E4A
ACC-F631E519,HDFC,HDFC593666565073,current,INR,2022-08-24,,active,person,P-531F38,neha.bhatia49@okaxis,LOC-72C536
ACC-3C083EFB,ICICI,ICICI769986298488,savings,INR,2024-07-25,,active,person,P-531F38,neha.bhatia92@paytm,LOC-5D0F57
ACC-1C636943,HDFC,HDFC754084274468,savings,INR,2024-01-20,,active,person,P-3E1FC4,meera.rao83@okaxis,LOC-5A1703
ACC-9951B734,ICICI,ICICI755638385436,savings,INR,2024-01-20,,active,person,P-3E1FC4,meera.rao18@okaxis,LOC-6FAFC5
ACC-EAE6EEE9,HDFC,HDFC563837825165,savings,INR,2024-01-10,,active,person,P-A59708,rakesh.sharma11@sbi,LOC-610E4A
ACC-6C8B2023,SBI,SBI664648340319,wallet,INR,2021-11-13,,active,person,P-72073C,deepika.rao72@apl,LOC-72C536
ACC-59C58DDC,HDFC,HDFC988505535107,savings,INR,2023-12-17,,active,person,P-4412F5,anita.joshi12@paytm,LOC-5573AE
ACC-80752170,PNB,PNB729929244307,savings,INR,2021-12-26,,active,person,P-D741EC,tarun.gupta63@paytm,LOC-B91DF4
ACC-33EC2866,ICICI,ICICI620199431145,salary,INR,2022-05-22,,active,person,P-7070D4,anita.bose25@apl,LOC-B91DF4
ACC-6165C7B7,ICICI,ICICI512321388810,savings,INR,2023-07-26,,active,person,P-901177,anita.gupta41@okhdfcbank,LOC-5FE0A6
ACC-53A8F8D2,HDFC,HDFC750570745948,salary,INR,2023-06-24,,active,person,P-924F35,pradeep.pandey1@okaxis,LOC-CF30CF
ACC-5A2C1105,AXIS,AXIS187374025998,current,INR,2024-08-22,,active,person,P-5813E1,pooja.jain74@okhdfcbank,LOC-8293B3
ACC-2222B4D4,ICICI,ICICI146461284358,savings,INR,2024-11-07,,active,person,P-5813E1,pooja.jain11@okhdfcbank,LOC-5A1703
ACC-5A9C5B10,HDFC,HDFC687813846420,current,INR,2022-02-02,,active,person,P-3F9803,harish.gupta1@paytm,LOC-5573AE
ACC-1A3A5AA1,SBI,SBI477964325196,savings,INR,2024-07-11,,active,person,P-3F9803,harish.gupta77@icici,LOC-6FAFC5
ACC-A3FC0B31,PNB,PNB611562233412,savings,INR,2022-11-05,,active,person,P-F2E3CA,manish.mehta88@icici,LOC-89DC68
ACC-0FC34A1E,AXIS,AXIS200581155574,savings,INR,2023-08-08,,active,person,P-F2E3CA,manish.mehta83@apl,LOC-CF30CF
ACC-C0F72E36,SBI,SBI762655582791,salary,INR,2022-12-18,,active,person,P-F2E3CA,manish.mehta52@paytm,LOC-5A1703
ACC-C5FF71C0,SBI,SBI110888141774,savings,INR,2022-09-01,,active,person,P-B0C287,rekha.pandey92@okhdfcbank,LOC-B91DF4
ACC-D3641E91,SBI,SBI107022079908,salary,INR,2022-05-29,,active,person,P-749ABE,divya.saxena66@okaxis,LOC-8293B3
ACC-D09974FC,HDFC,HDFC988885294605,salary,INR,2024-05-05,,active,person,P-749ABE,divya.saxena72@apl,LOC-5D0F57
ACC-61BAF305,SBI,SBI766473222199,salary,INR,2023-11-21,,active,person,P-804142,gaurav.kapoor11@icici,LOC-5573AE
ACC-BE6DB39D,ICICI,ICICI541626197377,savings,INR,2022-03-16,,active,person,P-804142,gaurav.kapoor86@paytm,LOC-5573AE
ACC-152E8175,PNB,PNB257535487506,salary,INR,2023-10-09,,active,person,P-93307C,pradeep.yadav29@okhdfcbank,LOC-8293B3
ACC-7767CBB5,HDFC,HDFC103803384740,savings,INR,2021-11-26,,active,person,P-93307C,pradeep.yadav82@sbi,LOC-610E4A
ACC-84DF26A4,SBI,SBI353941724826,salary,INR,2022-12-30,,active,person,P-E7CC6F,amit.jain46@paytm,LOC-CF30CF
ACC-4590CE85,AXIS,AXIS230209751821,salary,INR,2022-09-15,,active,person,P-EC4B75,gaurav.yadav88@apl,LOC-5A1703
ACC-89AC1C93,SBI,SBI534096959297,savings,INR,2023-03-27,,active,person,P-EC4B75,gaurav.yadav45@okaxis,LOC-01B036
ACC-5F49C0E9,AXIS,AXIS420340524535,savings,INR,2022-01-13,,active,person,P-4667CB,deepika.joshi95@icici,LOC-5573AE
ACC-5128C94D,HDFC,HDFC413836251822,savings,INR,2022-02-18,,active,person,P-4667CB,deepika.joshi50@icici,LOC-CF30CF
ACC-B879E391,PNB,PNB953995268842,salary,INR,2022-10-06,,active,person,P-565151,sneha.nair21@okhdfcbank,LOC-5FE0A6
ACC-7D820BE7,SBI,SBI776227988059,savings,INR,2022-02-12,,active,person,P-F4715A,harish.reddy56@sbi,LOC-8293B3
ACC-D0C9DCA2,ICICI,ICICI126686999339,savings,INR,2023-05-26,,active,person,P-F4715A,harish.reddy33@icici,LOC-CF30CF
ACC-90CA9B63,HDFC,HDFC751250338420,savings,INR,2024-03-07,,active,person,P-F4715A,harish.reddy25@sbi,LOC-B91DF4
ACC-EE090217,HDFC,HDFC704153484202,savings,INR,2024-02-28,,active,person,P-0C7C19,harish.bhatia26@apl,LOC-01B036
ACC-137E9995,HDFC,HDFC214213979015,savings,INR,2022-01-11,,active,person,P-2EA50A,divya.yadav82@okhdfcbank,LOC-01B036
ACC-8DEE3CDD,ICICI,ICICI986887067424,savings,INR,2021-12-18,,active,person,P-2EA50A,divya.yadav78@icici,LOC-89DC68
ACC-57FCEB04,HDFC,HDFC403521670691,savings,INR,2023-01-09,,active,person,P-2EA50A,divya.yadav41@icici,LOC-5A1703
ACC-E60D066D,SBI,SBI146274954598,savings,INR,2023-01-30,,active,person,P-1F932B,kavita.gupta22@icici,LOC-5FE0A6
ACC-07D2A41C,HDFC,HDFC385738656303,salary,INR,2023-11-21,,active,person,P-0518F7,pooja.singh51@sbi,LOC-5A1703
ACC-2F2AA3AE,HDFC,HDFC167649398281,current,INR,2023-09-25,,active,person,P-6D9945,naveen.kapoor65@icici,LOC-5573AE
ACC-6A5AA526,HDFC,HDFC265719128872,savings,INR,2022-10-11,,active,person,P-A9032C,arun.verma29@paytm,LOC-89DC68
ACC-68009FA4,SBI,SBI486307883052,savings,INR,2024-08-02,,active,person,P-A9032C,arun.verma19@okaxis,LOC-B94200
ACC-BD0C1AC7,HDFC,HDFC457522913925,salary,INR,2024-01-05,,active,person,P-7F17E2,anita.gupta14@paytm,LOC-B94200
ACC-B8AEEBDE,AXIS,AXIS750522271225,current,INR,2022-08-08,,active,person,P-BBD7DC,komal.chopra58@paytm,LOC-5A1703
ACC-6030ACEE,SBI,SBI896687437572,savings,INR,2022-05-19,,active,person,P-21C380,sunil.iyer65@okhdfcbank,LOC-5FE0A6
ACC-BB64CAEC,ICICI,ICICI132834787941,salary,INR,2024-04-12,,active,person,P-7A31C2,tarun.kapoor81@icici,LOC-610E4A
ACC-735CB66A,ICICI,ICICI105177089375,savings,INR,2022-02-03,,active,person,P-88FCAF,vikram.reddy21@icici,LOC-5A1703
ACC-85EDABCC,AXIS,AXIS697222165316,savings,INR,2022-12-19,,active,person,P-0AF252,neha.malhotra47@apl,LOC-610E4A
ACC-484DD4A0,ICICI,ICICI281434888866,current,INR,2022-03-21,,active,person,P-0AF252,neha.malhotra68@okhdfcbank,LOC-01B036
ACC-4EF9F8A8,SBI,SBI186703152317,salary,INR,2022-01-23,,active,person,P-78661A,praveen.joshi72@sbi,LOC-01B036
ACC-C3EDA35F,ICICI,ICICI975795958512,savings,INR,2024-08-16,,active,person,P-FF85B9,praveen.deshmukh32@paytm,LOC-72C536
ACC-C55C7A5E,HDFC,HDFC232882973611,savings,INR,2022-08-14,,active,person,P-FF85B9,praveen.deshmukh50@okaxis,LOC-5A1703
ACC-5F205295,ICICI,ICICI762745963972,savings,INR,2022-04-09,,active,person,P-8ABAC4,rekha.chopra21@apl,LOC-8293B3
ACC-EA3DA6CB,HDFC,HDFC467964779191,salary,INR,2024-02-01,,active,person,P-8ABAC4,rekha.chopra34@okhdfcbank,LOC-72C536
ACC-D0FB0129,HDFC,HDFC744723915511,current,INR,2023-10-23,,active,person,P-243CBC,ritu.chopra55@apl,LOC-8293B3
ACC-8261FB03,HDFC,HDFC455425167091,savings,INR,2022-11-22,,active,person,P-243CBC,ritu.chopra39@apl,LOC-5FE0A6
ACC-7BDF0A9D,ICICI,ICICI218963923771,current,INR,2022-12-20,,active,person,P-536A51,harish.jain80@okaxis,LOC-72C536
ACC-E3CB42D3,ICICI,ICICI859790435259,savings,INR,2024-04-04,,active,person,P-536A51,harish.jain48@icici,LOC-5A1703
ACC-39C4A1C6,HDFC,HDFC616460184658,savings,INR,2023-07-07,,active,person,P-DED6F1,divya.chopra18@okaxis,LOC-72C536
ACC-93FF0098,SBI,SBI698801786453,salary,INR,2022-04-19,,active,person,P-DED6F1,divya.chopra78@paytm,LOC-6FAFC5
ACC-78245FDE,HDFC,HDFC541514267049,salary,INR,2024-07-16,,active,person,P-5EA9F6,pradeep.mehta26@apl,LOC-B94200
ACC-56085E8B,SBI,SBI333758538663,savings,INR,2022-12-10,,active,person,P-E43B7B,deepika.nair10@okhdfcbank,LOC-89DC68
ACC-A8DD9E5F,ICICI,ICICI878915850152,savings,INR,2022-05-01,,active,person,P-F1164A,meera.mishra39@okaxis,LOC-89DC68
ACC-609121DE,HDFC,HDFC519917586602,savings,INR,2023-09-05,,active,person,P-F1164A,meera.mishra74@okhdfcbank,LOC-B94200
ACC-14A5ADD6,AXIS,AXIS777600032359,savings,INR,2024-02-29,,active,person,P-388A15,tarun.mishra90@apl,LOC-5573AE
ACC-46ACF983,HDFC,HDFC476774448744,savings,INR,2022-09-26,,active,person,P-99023E,harish.malhotra12@paytm,LOC-5A1703
ACC-509EE7D0,SBI,SBI149666045537,savings,INR,2021-12-09,,active,person,P-DD2B1B,tarun.verma1@sbi,LOC-5FE0A6
ACC-3CD8F51F,ICICI,ICICI896857555115,savings,INR,2023-08-16,,active,person,P-083B3A,divya.verma33@okhdfcbank,LOC-B94200
ACC-33D7ED59,HDFC,HDFC292209607580,savings,INR,2023-12-11,,active,person,P-083B3A,divya.verma15@okhdfcbank,LOC-CF30CF
ACC-C4F8AD66,HDFC,HDFC955517412433,savings,INR,2024-12-02,,active,person,P-76A1CB,ananya.deshmukh71@okhdfcbank,LOC-610E4A
ACC-137420A4,SBI,SBI441243981218,savings,INR,2023-06-27,,active,person,P-76A1CB,ananya.deshmukh64@sbi,LOC-5FE0A6
ACC-ED182DE0,ICICI,ICICI830864924995,savings,INR,2022-03-30,,active,person,P-810DC3,praveen.rao86@icici,LOC-72C536
ACC-363A7C3A,PNB,PNB865391901898,salary,INR,2022-11-06,,active,person,P-810DC3,praveen.rao70@paytm,LOC-89DC68
ACC-B51EDCE3,HDFC,HDFC543549845196,salary,INR,2024-06-25,,active,person,P-E64B0A,pooja.pandey99@paytm,LOC-CF30CF
ACC-8D52E7C9,SBI,SBI920881199946,savings,INR,2023-05-06,,active,person,P-E64B0A,pooja.pandey25@okhdfcbank,LOC-89DC68
ACC-5761EB03,HDFC,HDFC517265274585,savings,INR,2023-08-02,,active,person,P-E8C1E7,rohan.iyer86@icici,LOC-72C536
ACC-932EF93D,HDFC,HDFC538441116076,savings,INR,2023-03-29,,active,person,P-E8C1E7,rohan.iyer2@apl,LOC-5FE0A6
ACC-EE40D1C2,ICICI,ICICI240180444684,savings,INR,2024-01-09,,active,person,P-E334BB,sunita.nair61@okhdfcbank,LOC-72C536
ACC-DFC43E26,ICICI,ICICI732175754165,salary,INR,2022-06-15,,active,person,P-99F4C2,karan.yadav25@apl,LOC-01B036
ACC-FEAE9674,ICICI,ICICI931830536412,savings,INR,2023-03-09,,active,person,P-C6385B,suresh.mehta6@apl,LOC-610E4A
ACC-B3A3EA34,SBI,SBI852857457251,savings,INR,2022-11-19,,active,person,P-F206E2,kavita.pandey85@okaxis,LOC-89DC68
ACC-EDBA6C15,HDFC,HDFC105622701905,savings,INR,2022-05-17,,active,person,P-49E8EA,naveen.jain15@okhdfcbank,LOC-5FE0A6
ACC-DF33984D,PNB,PNB315034258448,savings,INR,2022-12-25,,active,person,P-49E8EA,naveen.jain83@okaxis,LOC-CF30CF
ACC-6D5536F8,HDFC,HDFC321444546129,savings,INR,2022-03-10,,active,person,P-B4ABF5,vikas.patel26@okhdfcbank,LOC-CF30CF
ACC-B95F6380,AXIS,AXIS292848491889,savings,INR,2024-02-25,,active,person,P-9481BF,kavita.sharma33@okhdfcbank,LOC-8293B3
ACC-09A39039,SBI,SBI233348516117,wallet,INR,2022-11-21,,active,person,P-9481BF,kavita.sharma21@sbi,LOC-610E4A
ACC-7A40A41D,AXIS,AXIS450908591112,savings,INR,2023-09-05,,active,person,P-E6A261,shweta.mishra3@okaxis,LOC-5D0F57
ACC-C1C6F3FF,HDFC,HDFC875353154588,salary,INR,2021-10-10,,active,person,P-E6A261,shweta.mishra82@icici,LOC-5573AE
ACC-2F3A76D7,HDFC,HDFC650672072772,savings,INR,2024-03-18,,active,person,P-FB375D,rekha.patel93@apl,LOC-89DC68
ACC-72BE9CAD,ICICI,ICICI658374915103,salary,INR,2021-12-31,,active,person,P-FB375D,rekha.patel93@okhdfcbank,LOC-6FAFC5
ACC-ED26126B,SBI,SBI362309168694,savings,INR,2022-01-03,,active,person,P-FB375D,rekha.patel40@okaxis,LOC-8293B3
ACC-551CF984,SBI,SBI577702660814,salary,INR,2022-10-10,,active,person,P-03916F,karan.sharma59@paytm,LOC-5D0F57
ACC-0FDFFEE8,HDFC,HDFC566318867688,savings,INR,2022-11-06,,active,person,P-03916F,karan.sharma45@okhdfcbank,LOC-72C536
ACC-00C05053,SBI,SBI953215734765,savings,INR,2022-11-16,,active,person,P-52145F,rekha.chopra24@icici,LOC-5A1703
ACC-73F70498,HDFC,HDFC723991952252,wallet,INR,2022-11-10,,active,person,P-52145F,rekha.chopra89@paytm,LOC-5A1703
ACC-0BEC039E,PNB,PNB329112790454,savings,INR,2022-08-19,,active,person,P-BAD713,priya.iyer13@icici,LOC-B91DF4
ACC-4EC80991,AXIS,AXIS204811476755,salary,INR,2022-06-15,,active,person,P-62F1B8,deepika.nair96@apl,LOC-5A1703
ACC-17E5374F,SBI,SBI731494941856,current,INR,2023-08-07,,active,person,P-3A427D,sanjay.gupta71@okaxis,LOC-B94200
ACC-65DD3017,PNB,PNB750306632971,salary,INR,2024-02-29,,active,person,P-B02011,divya.kapoor25@apl,LOC-6FAFC5
ACC-843DCB0C,AXIS,AXIS299201550886,current,INR,2024-05-29,,active,person,P-B02011,divya.kapoor98@paytm,LOC-CF30CF
ACC-22D31F05,SBI,SBI776069288878,savings,INR,2021-12-26,,active,person,P-E341FB,sangeeta.mehta17@icici,LOC-B94200
ACC-5383C960,ICICI,ICICI426991977529,savings,INR,2021-09-19,,active,person,P-1008E3,rahul.nair74@paytm,LOC-6FAFC5
ACC-2F256286,HDFC,HDFC330903287892,savings,INR,2024-05-15,,active,person,P-1008E3,rahul.nair94@okhdfcbank,LOC-5A1703
ACC-E4E296D6,AXIS,AXIS355335613865,savings,INR,2023-10-25,,active,person,P-DF2055,manoj.bhatia73@icici,LOC-CF30CF
ACC-47A73352,AXIS,AXIS228487355159,savings,INR,2022-02-27,,active,person,P-DF2055,manoj.bhatia59@okaxis,LOC-610E4A
ACC-A2926334,SBI,SBI682400855107,savings,INR,2022-08-03,,active,person,P-DF2055,manoj.bhatia56@paytm,LOC-01B036
ACC-ED787270,SBI,SBI776036514526,wallet,INR,2024-01-28,,active,person,P-40DC54,rajesh.yadav30@okhdfcbank,LOC-5573AE
ACC-227E377C,SBI,SBI613535166797,current,INR,2023-04-12,,active,person,P-48FBD1,tarun.kapoor98@apl,LOC-B94200
ACC-A8A0A415,ICICI,ICICI967650961316,current,INR,2022-09-07,,active,person,P-48FBD1,tarun.kapoor79@icici,LOC-5573AE
ACC-DBA971DA,ICICI,ICICI478484711207,savings,INR,2024-05-20,,active,person,P-48FBD1,tarun.kapoor7@icici,LOC-5D0F57
ACC-1AA6F29B,ICICI,ICICI333570709154,savings,INR,2023-09-09,,active,person,P-2B0362,sunil.reddy60@sbi,LOC-5FE0A6
ACC-BF54F5E5,HDFC,HDFC416657726462,savings,INR,2023-03-25,,active,person,P-2B0362,sunil.reddy92@paytm,LOC-B91DF4
ACC-E51E5E44,SBI,SBI549530610144,salary,INR,2023-05-01,,active,person,P-2B0362,sunil.reddy79@okhdfcbank,LOC-89DC68
ACC-26F6AE73,AXIS,AXIS323998730184,savings,INR,2021-11-18,,active,person,P-FED482,pradeep.patel39@icici,LOC-CF30CF
ACC-E90049B1,HDFC,HDFC567483051256,current,INR,2024-10-05,,active,person,P-6A82B1,ashok.saxena7@okaxis,LOC-6FAFC5
ACC-91433DA0,SBI,SBI126416702392,salary,INR,2022-06-26,,active,person,P-6A82B1,ashok.saxena4@icici,LOC-5573AE
ACC-12283FC3,SBI,SBI644976957022,current,INR,2024-06-13,,active,person,P-5B8D5B,harish.malhotra70@okhdfcbank,LOC-89DC68
ACC-5C1D40CA,ICICI,ICICI132965385815,savings,INR,2024-08-21,,active,person,P-5B8D5B,harish.malhotra51@paytm,LOC-5D0F57
ACC-F8362752,AXIS,AXIS719537826928,wallet,INR,2022-07-31,,active,person,P-6CCB42,harish.nair98@okhdfcbank,LOC-610E4A
ACC-E35DC5A2,PNB,PNB821320611728,salary,INR,2023-04-23,,active,person,P-0B1CAD,abhishek.saxena2@okaxis,LOC-5D0F57
ACC-54ADC703,SBI,SBI567524319354,salary,INR,2022-12-26,,active,person,P-0B1CAD,abhishek.saxena5@icici,LOC-5FE0A6
ACC-8401C090,HDFC,HDFC996643505388,current,INR,2021-12-29,,active,person,P-9B6830,pooja.reddy53@sbi,LOC-B91DF4
ACC-EE2E9E01,AXIS,AXIS693995795780,savings,INR,2024-06-22,,active,person,P-035205,gaurav.saxena33@okaxis,LOC-01B036
ACC-3121F9D7,ICICI,ICICI258855415058,savings,INR,2024-01-27,,active,person,P-7F2EEB,divya.banerjee70@icici,LOC-6FAFC5
ACC-9C0D42E8,SBI,SBI670391487854,savings,INR,2023-05-06,,active,person,P-AC7C2E,rahul.sharma2@sbi,LOC-B91DF4
ACC-9D448143,AXIS,AXIS414036294339,salary,INR,2023-04-04,,active,person,P-AC7C2E,rahul.sharma78@okaxis,LOC-72C536
ACC-6100F1C1,ICICI,ICICI875975993402,savings,INR,2021-12-08,,active,person,P-2A2E56,kunal.bose25@okaxis,LOC-8293B3
ACC-D8D87BE2,HDFC,HDFC400564459652,savings,INR,2022-12-23,,active,person,P-2A2E56,kunal.bose37@sbi,LOC-72C536
ACC-FB4FB54F,PNB,PNB412876187267,savings,INR,2024-01-11,,active,person,P-2A2E56,kunal.bose12@okhdfcbank,LOC-5FE0A6
ACC-7E4703F4,ICICI,ICICI907813612842,salary,INR,2023-04-05,,active,person,P-32BFE8,karan.joshi99@apl,LOC-B91DF4
ACC-4F1DE08F,AXIS,AXIS561665212708,wallet,INR,2022-11-05,,active,person,P-0BEF5B,rajesh.banerjee39@okaxis,LOC-5D0F57
ACC-E8CD10C2,PNB,PNB503445516382,current,INR,2024-10-08,,active,person,P-44FAA9,sneha.bhatia48@apl,LOC-610E4A
ACC-366B4F17,SBI,SBI835108238790,savings,INR,2023-05-31,,active,person,P-865778,meera.reddy68@paytm,LOC-5A1703
ACC-89668E57,SBI,SBI829564608255,savings,INR,2023-08-27,,active,person,P-865778,meera.reddy60@icici,LOC-5573AE
ACC-15F35416,HDFC,HDFC352279967006,savings,INR,2022-11-03,,active,person,P-2A7A49,sangeeta.banerjee91@okhdfcbank,LOC-B91DF4
ACC-4ACAC308,ICICI,ICICI147249928524,savings,INR,2023-04-24,,active,person,P-2A7A49,sangeeta.banerjee98@okaxis,LOC-89DC68
ACC-D8A9A0CC,HDFC,HDFC266141781641,current,INR,2022-06-17,,active,person,P-C38C1C,jyoti.mehta1@sbi,LOC-01B036
ACC-427A8E9F,SBI,SBI395167186068,savings,INR,2024-09-11,,active,person,P-BC9351,rahul.bose60@paytm,LOC-610E4A
ACC-23ECDCBF,HDFC,HDFC731727401567,savings,INR,2022-06-14,,active,person,P-ED48EB,vikas.malhotra11@icici,LOC-5A1703
ACC-C2E0BD7E,SBI,SBI578967765489,current,INR,2024-02-11,,active,person,P-87FECA,karan.bhatia29@okhdfcbank,LOC-5573AE
ACC-C7406DEF,ICICI,ICICI900927102587,salary,INR,2022-11-14,,active,person,P-D6F289,harish.deshmukh49@paytm,LOC-5FE0A6
ACC-60185D1B,HDFC,HDFC559795339154,salary,INR,2023-09-13,,active,person,P-31ADBA,meera.iyer17@okaxis,LOC-01B036
ACC-459E66C4,SBI,SBI832975534360,savings,INR,2024-04-14,,active,person,P-4D8135,neha.malhotra47@okaxis,LOC-89DC68
ACC-9404105B,AXIS,AXIS151354494741,savings,INR,2022-02-08,,active,person,P-7FF56D,sunil.mishra24@sbi,LOC-CF30CF
ACC-D3AE6BF9,AXIS,AXIS262467841726,savings,INR,2021-10-18,,active,person,P-DD9CC2,sanjay.kulkarni47@paytm,LOC-01B036
ACC-E6B9DE78,AXIS,AXIS425025142629,savings,INR,2023-08-27,,active,person,P-E052BA,sunita.patel3@okhdfcbank,LOC-8293B3
ACC-FF3353E0,ICICI,ICICI237799347132,salary,INR,2023-04-13,,active,person,P-E052BA,sunita.patel79@okhdfcbank,LOC-6FAFC5
ACC-AC31D87F,HDFC,HDFC823612834211,current,INR,2021-12-07,,active,person,P-77A6F8,naveen.rao61@okaxis,LOC-B94200
ACC-0C7479F8,PNB,PNB981719636588,savings,INR,2023-12-26,,active,person,P-396101,rohan.rao23@okhdfcbank,LOC-89DC68
ACC-18B81A97,SBI,SBI797626702523,savings,INR,2024-10-15,,active,person,P-396101,rohan.rao87@paytm,LOC-72C536
ACC-1F62C507,HDFC,HDFC732521338106,savings,INR,2022-08-15,,active,person,P-484E72,rakesh.banerjee38@icici,LOC-8293B3
ACC-3925303D,AXIS,AXIS393459226268,savings,INR,2023-03-01,,active,person,P-871E95,neha.malhotra64@apl,LOC-5D0F57
ACC-9ED26A16,ICICI,ICICI158172521741,savings,INR,2022-12-09,,active,person,P-871E95,neha.malhotra91@okaxis,LOC-5D0F57
ACC-76C4F795,HDFC,HDFC567817005463,savings,INR,2024-03-16,,active,person,P-1797B6,jyoti.reddy34@icici,LOC-5D0F57
ACC-CEE975FD,HDFC,HDFC565890907767,savings,INR,2022-10-26,,active,person,P-1797B6,jyoti.reddy66@apl,LOC-5D0F57
ACC-CC68BBA5,AXIS,AXIS575962765128,savings,INR,2024-01-14,,active,person,P-1A6D26,sanjay.joshi10@sbi,LOC-B91DF4
ACC-0D8B4396,SBI,SBI251370146363,salary,INR,2023-03-27,,active,person,P-715599,sanjay.patel29@okaxis,LOC-B91DF4
ACC-D110A818,AXIS,AXIS538460879275,current,INR,2022-11-29,,active,person,P-715599,sanjay.patel23@icici,LOC-5FE0A6
ACC-C5672781,AXIS,AXIS238353673515,savings,INR,2024-05-17,,active,person,P-9CE47A,rekha.deshmukh79@apl,LOC-89DC68
ACC-3B0D18FD,PNB,PNB347480671837,savings,INR,2022-09-24,,active,person,P-9CE47A,rekha.deshmukh19@sbi,LOC-6FAFC5
ACC-20EAB600,ICICI,ICICI121564100680,salary,INR,2023-07-01,,active,person,P-8B8296,rahul.rao39@icici,LOC-01B036
ACC-6122F1F0,ICICI,ICICI980044085878,savings,INR,2022-07-10,,active,person,P-8B8296,rahul.rao40@sbi,LOC-72C536
ACC-A6BCCDB3,HDFC,HDFC192351836385,savings,INR,2021-11-02,,active,person,P-8EB1FB,sunita.patel74@okaxis,LOC-B91DF4
ACC-EE33E176,PNB,PNB638211990592,savings,INR,2023-04-12,,active,person,P-8EB1FB,sunita.patel53@okhdfcbank,LOC-CF30CF
ACC-A639BB2A,ICICI,ICICI130277964108,current,INR,2022-11-10,,active,person,P-478029,deepak.bhatia65@paytm,LOC-5A1703
ACC-9E565F4C,SBI,SBI300636659523,savings,INR,2024-02-29,,active,person,P-CEB019,sunil.pandey54@sbi,LOC-CF30CF
ACC-109F9507,PNB,PNB378674913865,savings,INR,2024-05-30,,active,person,P-31FF1A,amit.patel62@okhdfcbank,LOC-72C536
ACC-E87DFF40,SBI,SBI117157795043,savings,INR,2022-05-18,,active,person,P-854D06,vikram.mehta65@apl,LOC-CF30CF
ACC-CF059948,PNB,PNB253055815590,salary,INR,2022-05-15,,active,person,P-854D06,vikram.mehta66@apl,LOC-5D0F57
ACC-51FE71FC,HDFC,HDFC543537904396,savings,INR,2022-01-17,,active,person,P-F0DE32,shweta.deshmukh94@icici,LOC-CF30CF
ACC-6D8B6A06,HDFC,HDFC808170045379,salary,INR,2023-05-25,,active,person,P-F0DE32,shweta.deshmukh53@paytm,LOC-6FAFC5
ACC-1E1FC82F,HDFC,HDFC956589201717,savings,INR,2023-11-11,,active,person,P-EC10ED,gaurav.deshmukh72@sbi,LOC-5573AE
ACC-4A348A76,SBI,SBI862686542110,savings,INR,2022-03-18,,active,person,P-EC10ED,gaurav.deshmukh24@sbi,LOC-89DC68
ACC-0DD5B640,ICICI,ICICI906826614619,savings,INR,2024-06-18,,active,person,P-1159B2,pooja.malhotra72@okhdfcbank,LOC-5FE0A6
ACC-02FCD2CC,SBI,SBI672672270037,current,INR,2022-06-15,,active,person,P-1159B2,pooja.malhotra20@paytm,LOC-5FE0A6
ACC-ECAF37DE,PNB,PNB204513293896,salary,INR,2023-08-19,,active,person,P-1159B2,pooja.malhotra35@okaxis,LOC-72C536
ACC-AF26F420,HDFC,HDFC625832679285,salary,INR,2023-04-22,,active,person,P-A2AF57,sanjay.patel43@paytm,LOC-610E4A
ACC-8C27D5E6,AXIS,AXIS726468772254,savings,INR,2023-10-27,,active,person,P-F07C02,priya.saxena57@paytm,LOC-5A1703
ACC-31B077A5,HDFC,HDFC393777710017,savings,INR,2022-09-21,,active,person,P-F07C02,priya.saxena23@okhdfcbank,LOC-89DC68
ACC-2C4D2095,SBI,SBI558717799640,current,INR,2023-11-15,,active,person,P-647338,shweta.patel77@paytm,LOC-5573AE
ACC-57BE7C53,SBI,SBI557068250375,salary,INR,2024-05-25,,active,person,P-680AAD,rahul.rao57@okhdfcbank,LOC-B94200
ACC-AA3A13A7,AXIS,AXIS799894087988,wallet,INR,2023-02-22,,active,person,P-CC3A8E,sunil.patel84@okaxis,LOC-01B036
ACC-EBA5A636,AXIS,AXIS802573082200,savings,INR,2024-04-06,,active,person,P-CC3A8E,sunil.patel43@okhdfcbank,LOC-CF30CF
ACC-8F76AB14,PNB,PNB969469630674,salary,INR,2021-12-23,,active,person,P-CAA0E8,priya.kapoor15@icici,LOC-B94200
ACC-45971D56,AXIS,AXIS827343369844,savings,INR,2023-07-10,,active,person,P-72D48E,pooja.bhatia37@okhdfcbank,LOC-6FAFC5
ACC-B9077680,HDFC,HDFC336884020871,savings,INR,2022-05-16,,active,person,P-72D48E,pooja.bhatia44@okhdfcbank,LOC-01B036
ACC-5F844A93,SBI,SBI481704186075,savings,INR,2024-05-22,,active,person,P-72D48E,pooja.bhatia38@okaxis,LOC-8293B3
ACC-5B297C47,HDFC,HDFC427839174441,savings,INR,2023-07-17,,active,person,P-1C6717,manoj.aggarwal95@okaxis,LOC-6FAFC5
ACC-9402EE7F,HDFC,HDFC438334067527,savings,INR,2022-04-17,,active,person,P-0F661D,meera.saxena1@okaxis,LOC-89DC68
ACC-56C2486E,PNB,PNB669148061342,savings,INR,2022-11-24,,active,person,P-0F661D,meera.saxena87@apl,LOC-5573AE
ACC-6BC92426,SBI,SBI385394024619,savings,INR,2024-05-08,,active,person,P-0F661D,meera.saxena23@icici,LOC-B91DF4
ACC-9FD677C7,SBI,SBI342888761253,savings,INR,2024-08-04,,active,person,P-91EC05,ritu.nair69@sbi,LOC-B91DF4
ACC-77444922,SBI,SBI287697050984,current,INR,2022-09-05,,active,person,P-6EC2C0,priya.bhatia85@okhdfcbank,LOC-B94200
ACC-447986C5,HDFC,HDFC654202621414,salary,INR,2023-05-12,,active,person,P-C2FE86,meera.pandey65@icici,LOC-B91DF4
ACC-84A4980F,ICICI,ICICI283779506357,savings,INR,2024-08-07,,active,person,P-A77258,arun.patel97@paytm,LOC-5573AE
ACC-11A36042,SBI,SBI660307014147,savings,INR,2024-02-28,,active,person,P-6F9E76,suresh.malhotra91@paytm,LOC-610E4A
ACC-048B7BAC,SBI,SBI990758557147,savings,INR,2024-03-16,,active,person,P-6F9E76,suresh.malhotra39@okhdfcbank,LOC-89DC68
ACC-C801A33D,HDFC,HDFC392977540821,savings,INR,2022-07-21,,active,person,P-6F9E76,suresh.malhotra68@okhdfcbank,LOC-5A1703
ACC-6C6501BA,HDFC,HDFC287140111304,wallet,INR,2024-05-07,,active,person,P-846D36,arun.nair68@apl,LOC-5A1703
ACC-4BE37E32,ICICI,ICICI593163166960,savings,INR,2021-10-07,,active,person,P-5B415F,manoj.iyer32@okaxis,LOC-8293B3
ACC-0CBDD9EB,AXIS,AXIS434726459049,savings,INR,2024-01-27,,active,person,P-276290,sunil.gupta97@icici,LOC-5FE0A6
ACC-336E0CBA,SBI,SBI304373322935,savings,INR,2023-11-02,,active,person,P-7E4396,sunita.mehta35@paytm,LOC-5573AE
ACC-AB311E8C,ICICI,ICICI973923496136,savings,INR,2022-07-26,,active,person,P-7E4396,sunita.mehta57@apl,LOC-72C536
ACC-CD372518,ICICI,ICICI440963580164,salary,INR,2022-09-24,,active,person,P-22728E,rahul.jain11@sbi,LOC-72C536
ACC-40CE80D7,SBI,SBI511345514332,current,INR,2023-02-12,,active,person,P-22728E,rahul.jain3@paytm,LOC-72C536
ACC-6BCA8A34,HDFC,HDFC356846746359,savings,INR,2022-09-25,,active,person,P-22728E,rahul.jain77@okhdfcbank,LOC-CF30CF
ACC-28D2F493,AXIS,AXIS795365545634,current,INR,2024-11-30,,active,person,P-31C81F,praveen.sharma25@icici,LOC-5FE0A6
ACC-56F31DF6,AXIS,AXIS240506266059,savings,INR,2022-06-12,,active,person,P-EDFAF4,sneha.bose89@sbi,LOC-89DC68
ACC-57B1C866,SBI,SBI779251410154,savings,INR,2022-12-09,,active,person,P-362D63,vikas.patel52@apl,LOC-6FAFC5
ACC-6080A371,SBI,SBI330379911878,savings,INR,2023-04-15,,active,person,P-FA1901,rajesh.sharma4@sbi,LOC-5FE0A6
ACC-21C6D55A,ICICI,ICICI654522626563,savings,INR,2021-11-15,,active,person,P-3DC697,kunal.jain91@okhdfcbank,LOC-5A1703
ACC-C6A089D0,SBI,SBI110536659628,savings,INR,2024-08-28,,active,person,P-F8EF0C,shweta.nair25@paytm,LOC-01B036
ACC-23BF9F21,HDFC,HDFC626256614558,savings,INR,2022-05-10,,active,person,P-F8EF0C,shweta.nair70@apl,LOC-8293B3
ACC-2BB33BC9,HDFC,HDFC536065396085,current,INR,2024-04-23,,active,person,P-F8EF0C,shweta.nair70@okhdfcbank,LOC-610E4A
ACC-9DF9720B,HDFC,HDFC979429141397,savings,INR,2024-12-01,,active,person,P-099D50,arun.joshi46@icici,LOC-89DC68
ACC-5700C8D9,ICICI,ICICI820253055523,salary,INR,2024-02-09,,active,person,P-3E962E,divya.iyer76@sbi,LOC-5FE0A6
ACC-4F2BECE5,HDFC,HDFC221688708994,salary,INR,2021-10-03,,active,person,P-E8F757,neha.pandey91@okaxis,LOC-5A1703
ACC-30A3D4D9,HDFC,HDFC924136642334,savings,INR,2021-11-13,,active,person,P-354AF1,neha.bose22@apl,LOC-5A1703
ACC-FB41B9D1,AXIS,AXIS898584390403,salary,INR,2024-07-23,,active,person,P-354AF1,neha.bose96@okhdfcbank,LOC-72C536
ACC-D5DB971E,AXIS,AXIS715850645126,salary,INR,2022-11-07,,active,person,P-12CCF5,karan.saxena36@okaxis,LOC-5573AE
ACC-69D540B7,ICICI,ICICI276449153149,savings,INR,2024-06-10,,active,person,P-12CCF5,karan.saxena15@okhdfcbank,LOC-89DC68
ACC-731FB7DA,SBI,SBI498433557191,savings,INR,2022-04-22,,active,person,P-6755A6,priya.rao43@apl,LOC-B91DF4
ACC-873A83FD,SBI,SBI556238056150,salary,INR,2022-04-18,,active,person,P-6755A6,priya.rao71@icici,LOC-5A1703
ACC-413AF7DB,HDFC,HDFC734444396314,savings,INR,2024-01-30,,active,person,P-ED58EC,neha.iyer54@okaxis,LOC-610E4A
ACC-D1002B98,HDFC,HDFC578399253777,savings,INR,2024-09-05,,active,person,P-ED58EC,neha.iyer98@apl,LOC-72C536
ACC-DCC08449,HDFC,HDFC419352323156,savings,INR,2024-05-13,,active,person,P-069EF0,amit.pandey35@okaxis,LOC-5D0F57
ACC-8E4EC886,ICICI,ICICI131284842461,salary,INR,2022-08-25,,active,person,P-02CE05,sanjay.kulkarni49@icici,LOC-5D0F57
ACC-8B10AFE5,ICICI,ICICI919908148179,savings,INR,2022-11-20,,active,person,P-698774,tarun.sharma67@icici,LOC-610E4A
ACC-D7B48FDF,HDFC,HDFC332641659680,salary,INR,2022-12-28,,active,person,P-698774,tarun.sharma22@apl,LOC-72C536
ACC-A1089F18,AXIS,AXIS201127432901,salary,INR,2024-07-25,,active,person,P-A7FD9A,sangeeta.patel43@paytm,LOC-B94200
ACC-84215175,SBI,SBI998575009324,savings,INR,2024-03-20,,active,person,P-A7FD9A,sangeeta.patel70@okhdfcbank,LOC-CF30CF
ACC-EA64CA7B,HDFC,HDFC682292449478,savings,INR,2021-12-21,,active,person,P-A7FD9A,sangeeta.patel87@icici,LOC-8293B3
ACC-5B709AF8,PNB,PNB658769336809,savings,INR,2023-04-15,,active,person,P-52694D,rekha.mehta43@apl,LOC-72C536
ACC-4122EF53,ICICI,ICICI608746371250,current,INR,2023-11-07,,active,person,P-8C0373,neha.bhatia51@apl,LOC-72C536
ACC-DD042B1C,SBI,SBI695937705397,savings,INR,2024-08-17,,active,person,P-07AACB,shweta.singh84@icici,LOC-6FAFC5
ACC-5DE88281,SBI,SBI315365441062,savings,INR,2023-01-09,,active,person,P-07AACB,shweta.singh17@apl,LOC-5573AE
ACC-C05FD28A,PNB,PNB554423614101,savings,INR,2023-01-18,,active,person,P-0AB623,shweta.saxena60@okhdfcbank,LOC-01B036
ACC-E2014D32,HDFC,HDFC723558437510,savings,INR,2021-12-07,,active,person,P-ECB750,manish.singh95@paytm,LOC-CF30CF
ACC-B80B7731,PNB,PNB246438723850,savings,INR,2023-09-08,,active,person,P-ECB750,manish.singh23@icici,LOC-01B036
ACC-87D8BB21,SBI,SBI955589440082,savings,INR,2022-10-24,,active,person,P-F103F7,manish.aggarwal50@icici,LOC-6FAFC5
ACC-3DDC61F3,HDFC,HDFC265796775661,salary,INR,2023-12-23,,active,person,P-3F1CB1,anita.mehta5@okaxis,LOC-B94200
ACC-0D7F96F3,HDFC,HDFC732732164836,savings,INR,2021-10-22,,active,person,P-BB13B1,vikram.saxena5@paytm,LOC-5D0F57
ACC-BDCFCE8D,AXIS,AXIS901294675445,savings,INR,2024-01-19,,active,person,P-BB13B1,vikram.saxena46@okaxis,LOC-B94200
ACC-C733A152,ICICI,ICICI249784908880,wallet,INR,2022-03-28,,active,person,P-BB13B1,vikram.saxena21@paytm,LOC-5FE0A6
ACC-F6417061,AXIS,AXIS992138490980,savings,INR,2022-03-18,,active,person,P-E30292,neha.gupta39@okhdfcbank,LOC-5FE0A6
ACC-5FCC1060,AXIS,AXIS905863750829,salary,INR,2021-12-11,,active,person,P-E10EBD,abhishek.joshi4@okhdfcbank,LOC-5FE0A6
ACC-AD0CA637,SBI,SBI759857729024,salary,INR,2022-01-31,,active,person,P-DA576F,anjali.chopra90@okhdfcbank,LOC-5A1703
ACC-048960BB,SBI,SBI459285474129,savings,INR,2021-12-29,,active,person,P-DA576F,anjali.chopra49@okhdfcbank,LOC-CF30CF
ACC-2CBF5AEF,SBI,SBI571431653358,savings,INR,2023-06-27,,active,person,P-6F87AA,harish.chopra65@paytm,LOC-B91DF4
ACC-CCF8691D,SBI,SBI619882627858,salary,INR,2021-10-21,,active,person,P-B2E637,anjali.malhotra27@sbi,LOC-5A1703
ACC-CFD410AF,HDFC,HDFC402528230058,salary,INR,2023-08-15,,active,person,P-4A9816,harish.gupta80@apl,LOC-89DC68
ACC-74C43B33,SBI,SBI516630879153,savings,INR,2022-07-03,,active,person,P-4A9816,harish.gupta10@paytm,LOC-B94200
ACC-0B38E5D4,SBI,SBI929126676274,savings,INR,2023-05-12,,active,person,P-ED5AE2,rekha.yadav21@okhdfcbank,LOC-5D0F57
ACC-262B5C49,SBI,SBI305168617970,savings,INR,2024-11-29,,active,person,P-2F98F9,sunil.banerjee9@icici,LOC-89DC68
ACC-A4A40780,PNB,PNB180027663569,savings,INR,2024-03-03,,active,person,P-4DDF0B,ritu.nair42@icici,LOC-5A1703
ACC-07CCD30D,HDFC,HDFC189268479168,salary,INR,2024-10-04,,active,person,P-1CDB2F,karan.mehta90@paytm,LOC-B94200
ACC-1142643B,AXIS,AXIS571633639241,savings,INR,2023-01-29,,active,person,P-1CDB2F,karan.mehta76@paytm,LOC-5A1703
ACC-D35D468C,SBI,SBI542091064994,savings,INR,2022-05-16,,active,person,P-485510,anjali.saxena33@okaxis,LOC-B91DF4
ACC-200D4A57,ICICI,ICICI806940436646,savings,INR,2023-10-29,,active,person,P-ABC35E,vikram.singh36@okhdfcbank,LOC-01B036
ACC-34B05E37,AXIS,AXIS938486586521,salary,INR,2023-09-11,,active,person,P-ABC35E,vikram.singh15@paytm,LOC-8293B3
ACC-393177B3,HDFC,HDFC662838329695,salary,INR,2022-06-20,,active,person,P-ABC35E,vikram.singh33@paytm,LOC-5573AE
ACC-B7395F8E,ICICI,ICICI539749635611,savings,INR,2024-06-24,,active,person,P-A49D96,arun.bose7@okaxis,LOC-5D0F57
ACC-746FB8CF,HDFC,HDFC626044331302,savings,INR,2023-04-30,,active,person,P-A49D96,arun.bose45@sbi,LOC-6FAFC5
ACC-290B25D8,HDFC,HDFC333789844831,savings,INR,2024-08-02,,active,person,P-A49D96,arun.bose60@okaxis,LOC-5573AE
ACC-184E993B,SBI,SBI937635868129,savings,INR,2023-02-16,,active,person,P-D26146,kunal.singh31@icici,LOC-01B036
ACC-CF08871A,HDFC,HDFC551609492955,savings,INR,2024-11-11,,active,person,P-D26146,kunal.singh27@apl,LOC-5573AE
ACC-EBF74C82,ICICI,ICICI917185712036,savings,INR,2022-06-12,,active,person,P-532703,sneha.bose77@okaxis,LOC-CF30CF
ACC-BFB094AF,SBI,SBI703909902257,savings,INR,2024-10-24,,active,person,P-532703,sneha.bose64@sbi,LOC-5573AE
ACC-3B78AE37,SBI,SBI962087313096,wallet,INR,2024-08-13,,active,person,P-532703,sneha.bose63@okaxis,LOC-72C536
ACC-8929BDCC,ICICI,ICICI389385304401,salary,INR,2024-08-30,,active,person,P-36465C,rekha.sharma60@icici,LOC-01B036
ACC-E331DA20,PNB,PNB831283258188,savings,INR,2022-12-01,,active,person,P-36465C,rekha.sharma67@icici,LOC-89DC68
ACC-813BE480,ICICI,ICICI552444394382,savings,INR,2023-09-29,,active,person,P-83F77E,manoj.jain3@okhdfcbank,LOC-5573AE
ACC-0A71ED81,HDFC,HDFC396079849661,savings,INR,2023-12-24,,active,person,P-83F77E,manoj.jain95@okhdfcbank,LOC-5FE0A6
ACC-03E20D2A,SBI,SBI856416123829,wallet,INR,2024-09-06,,active,person,P-83F77E,manoj.jain25@okaxis,LOC-B94200
ACC-9A2762A3,HDFC,HDFC621879958936,savings,INR,2024-05-19,,active,person,P-06A5BA,sunita.deshmukh40@icici,LOC-5A1703
ACC-F3861593,HDFC,HDFC193319514181,wallet,INR,2023-04-15,,active,person,P-06A5BA,sunita.deshmukh78@apl,LOC-B91DF4
ACC-844AA292,AXIS,AXIS622106551836,current,INR,2023-01-02,,active,person,P-BFA869,anjali.patel42@sbi,LOC-6FAFC5
ACC-CDB26331,PNB,PNB187824475456,salary,INR,2023-09-09,,active,person,P-BFA869,anjali.patel59@icici,LOC-01B036
ACC-2141A5E8,SBI,SBI897183091161,savings,INR,2024-11-15,,active,person,P-5C8D6A,ananya.bose20@apl,LOC-CF30CF
ACC-2BE5D894,HDFC,HDFC519935575045,savings,INR,2023-04-30,,active,person,P-C93C55,vikram.joshi34@paytm,LOC-89DC68
ACC-ABFD68FE,SBI,SBI698309298283,savings,INR,2024-03-18,,active,person,P-C93C55,vikram.joshi14@okaxis,LOC-5D0F57
ACC-1C87112B,SBI,SBI174210164519,current,INR,2022-10-11,,active,person,P-2722CB,kunal.deshmukh30@apl,LOC-8293B3
ACC-64DF891F,HDFC,HDFC980760432041,savings,INR,2022-08-28,,active,person,P-2722CB,kunal.deshmukh48@apl,LOC-5573AE
ACC-AEDF84D6,HDFC,HDFC603288128475,savings,INR,2021-11-19,,active,person,P-2722CB,kunal.deshmukh68@icici,LOC-B94200
ACC-9782E222,HDFC,HDFC214460153096,savings,INR,2024-01-25,,active,person,P-7744EC,deepika.kulkarni43@okaxis,LOC-01B036
ACC-38D622B9,AXIS,AXIS480593276164,savings,INR,2023-12-13,,active,person,P-7744EC,deepika.kulkarni74@icici,LOC-5D0F57
ACC-9CCE96D9,ICICI,ICICI829403924715,savings,INR,2021-11-30,,active,person,P-399545,manish.mehta17@sbi,LOC-5A1703
ACC-329C4F27,HDFC,HDFC798274178972,savings,INR,2024-11-10,,active,person,P-399545,manish.mehta79@paytm,LOC-5FE0A6
ACC-7F1634CF,SBI,SBI273118440914,savings,INR,2021-10-14,,active,person,P-6A0ECD,rahul.nair85@icici,LOC-01B036
ACC-2F7C598E,HDFC,HDFC743396460542,savings,INR,2023-09-20,,active,person,P-38D83F,manoj.chopra88@apl,LOC-72C536
ACC-D7C1E863,HDFC,HDFC512226306234,savings,INR,2022-12-11,,active,person,P-82B39F,neha.nair97@apl,LOC-72C536
ACC-092E2846,SBI,SBI319407751693,savings,INR,2022-10-30,,active,person,P-82B39F,neha.nair49@icici,LOC-5A1703
ACC-E4ED4752,ICICI,ICICI129060612577,savings,INR,2023-05-17,,active,person,P-A99473,kunal.patel5@apl,LOC-5FE0A6
ACC-12FE7994,HDFC,HDFC959407410937,savings,INR,2021-11-20,,active,person,P-A99473,kunal.patel75@apl,LOC-5FE0A6
ACC-79B3494E,SBI,SBI675630418857,salary,INR,2024-02-11,,active,person,P-EB88BA,shweta.saxena91@okhdfcbank,LOC-B94200
ACC-A3342401,ICICI,ICICI823653322946,salary,INR,2023-02-26,,active,person,P-6F4227,rohan.patel67@okhdfcbank,LOC-5D0F57
ACC-5EAF45D5,HDFC,HDFC275796824375,savings,INR,2023-01-22,,active,person,P-6F4227,rohan.patel47@icici,LOC-5573AE
ACC-D7D3A0D8,AXIS,AXIS497935137867,salary,INR,2022-02-17,,active,person,P-64032D,sunil.gupta5@sbi,LOC-5D0F57
ACC-CB549DB3,ICICI,ICICI550313982020,savings,INR,2022-04-25,,active,person,P-8F7BF9,priya.rao2@sbi,LOC-CF30CF
ACC-F74AC1B6,HDFC,HDFC610964733474,savings,INR,2022-10-17,,active,person,P-8F7BF9,priya.rao83@sbi,LOC-72C536
ACC-3DB25235,HDFC,HDFC961483602909,current,INR,2022-05-13,,active,person,P-8F7BF9,priya.rao19@okhdfcbank,LOC-B94200
ACC-B47F1F5A,SBI,SBI506121365137,savings,INR,2024-11-03,,active,person,P-305F8F,sneha.malhotra33@paytm,LOC-5A1703
ACC-B2164CA2,SBI,SBI624662495184,savings,INR,2024-08-22,,active,person,P-63DCBA,vikas.gupta35@icici,LOC-6FAFC5
ACC-17F2A065,AXIS,AXIS164885958923,salary,INR,2023-03-26,,active,person,P-63DCBA,vikas.gupta76@okaxis,LOC-610E4A
ACC-A9733727,HDFC,HDFC296103127403,salary,INR,2024-06-16,,active,person,P-13BAC4,kavita.yadav25@icici,LOC-72C536
ACC-90431E20,SBI,SBI376731501959,savings,INR,2023-10-02,,active,person,P-FBD1DA,tarun.mishra20@okhdfcbank,LOC-5FE0A6
ACC-C1404C91,PNB,PNB990087042678,savings,INR,2021-11-21,,active,person,P-E77551,ritu.sharma24@okaxis,LOC-6FAFC5
ACC-61A7F988,ICICI,ICICI128669353124,savings,INR,2024-10-02,,active,person,P-7F3706,sunita.malhotra21@paytm,LOC-5573AE
ACC-D43A0E65,ICICI,ICICI854102438101,savings,INR,2024-11-04,,active,person,P-DE521D,neha.bose20@okaxis,LOC-CF30CF
ACC-6AA2788D,HDFC,HDFC441677752637,salary,INR,2023-11-23,,active,person,P-0AE77A,praveen.joshi51@sbi,LOC-B94200
ACC-5DDBC5DE,ICICI,ICICI786778753684,savings,INR,2023-06-02,,active,person,P-496ACB,rakesh.mehta25@okhdfcbank,LOC-01B036
ACC-56074DF6,AXIS,AXIS810988566424,savings,INR,2021-10-28,,active,person,P-23A418,meera.chopra55@sbi,LOC-5573AE
ACC-9CBC95C6,HDFC,HDFC679666913908,savings,INR,2022-04-11,,active,person,P-79C3E9,pooja.yadav40@okhdfcbank,LOC-B91DF4
ACC-0998FE24,HDFC,HDFC636915698899,savings,INR,2024-04-20,,active,person,P-BB314A,anita.banerjee59@apl,LOC-89DC68
ACC-0F36EE63,SBI,SBI501228592441,current,INR,2024-07-26,,active,person,P-B87076,sanjay.malhotra60@sbi,LOC-6FAFC5
ACC-B3D194C9,ICICI,ICICI625272384153,salary,INR,2024-06-23,,active,person,P-B87076,sanjay.malhotra74@icici,LOC-5FE0A6
ACC-0487E02F,ICICI,ICICI992513028596,salary,INR,2024-04-18,,active,person,P-E9A1F3,meera.joshi74@icici,LOC-5D0F57
ACC-A3C373E0,SBI,SBI769994759722,savings,INR,2023-06-15,,active,person,P-E9A1F3,meera.joshi40@sbi,LOC-72C536
ACC-E17DCC19,ICICI,ICICI970086221616,savings,INR,2022-02-04,,active,person,P-1B59DC,harish.malhotra95@paytm,LOC-B91DF4
ACC-81FC3E16,PNB,PNB329800552171,wallet,INR,2023-04-29,,active,person,P-204025,deepak.yadav76@sbi,LOC-5A1703
ACC-E909DB61,SBI,SBI707751626052,salary,INR,2022-02-16,,active,person,P-1F3BAE,pooja.sharma12@apl,LOC-5A1703
ACC-4738CA1E,SBI,SBI816047360492,wallet,INR,2022-12-02,,active,person,P-75C966,naveen.chopra13@okhdfcbank,LOC-5FE0A6
ACC-9018843D,SBI,SBI910545393699,salary,INR,2021-09-24,,active,person,P-75C966,naveen.chopra16@okaxis,LOC-610E4A
ACC-897A7709,HDFC,HDFC922067145781,savings,INR,2024-07-20,,active,person,P-75C966,naveen.chopra14@okaxis,LOC-01B036
ACC-EB7715B0,SBI,SBI226530915957,salary,INR,2022-08-14,,active,person,P-ED2D41,manish.jain50@okaxis,LOC-89DC68
ACC-AB9AF63B,HDFC,HDFC186802038144,savings,INR,2024-04-20,,active,person,P-DCB5EB,shweta.rao98@okhdfcbank,LOC-5D0F57
ACC-7B65ED91,PNB,PNB232514519912,savings,INR,2024-08-05,,active,person,P-5A5695,anjali.bhatia1@icici,LOC-01B036
ACC-44590643,HDFC,HDFC522063918119,current,INR,2022-12-14,,active,person,P-8D42C7,deepika.reddy66@sbi,LOC-5D0F57
ACC-08EE1FD0,ICICI,ICICI470939371514,salary,INR,2022-03-16,,active,person,P-8D42C7,deepika.reddy90@icici,LOC-8293B3
ACC-E37812C4,SBI,SBI870860882824,savings,INR,2022-05-09,,active,person,P-8D42C7,deepika.reddy36@sbi,LOC-5A1703
ACC-7A289C1B,HDFC,HDFC765128232786,savings,INR,2023-12-29,,active,person,P-9D570E,manish.reddy76@okaxis,LOC-6FAFC5
ACC-B0A6AA70,SBI,SBI282793454171,savings,INR,2022-12-14,,active,person,P-0475CE,jyoti.bhatia81@sbi,LOC-610E4A
ACC-995EDB01,HDFC,HDFC385782223069,savings,INR,2022-01-08,,active,person,P-71ED91,sneha.bose23@okaxis,LOC-5FE0A6
ACC-CB94D3FF,SBI,SBI897665901114,savings,INR,2021-11-03,,active,person,P-71ED91,sneha.bose61@paytm,LOC-6FAFC5
ACC-882A8F5E,ICICI,ICICI355599204196,salary,INR,2022-01-27,,active,person,P-8557E2,meera.saxena3@apl,LOC-72C536
ACC-53DB2204,SBI,SBI375164505549,savings,INR,2022-03-10,,active,person,P-5A5E9B,rahul.aggarwal68@sbi,LOC-5D0F57
ACC-AFC7868B,PNB,PNB324530460934,savings,INR,2021-10-01,,active,person,P-5A5E9B,rahul.aggarwal86@okhdfcbank,LOC-6FAFC5
ACC-61C9B4D4,SBI,SBI744741862736,savings,INR,2022-12-11,,active,person,P-49EBF3,sunita.aggarwal84@icici,LOC-89DC68
ACC-BB6EBE0C,PNB,PNB468113398562,savings,INR,2024-09-22,,active,person,P-5CDFFF,gaurav.deshmukh83@sbi,LOC-5573AE
ACC-58E6180B,ICICI,ICICI617178598329,business,INR,2023-07-27,,active,company,COMP-4AF5B6,matrixsolutions@business,LOC-89DC68
ACC-1210F28B,ICICI,ICICI249433647044,business,INR,2023-12-06,,active,company,COMP-672D0C,zenithenterprises@business,LOC-610E4A
ACC-33CC4B23,HDFC,HDFC889019426660,current,INR,2020-10-08,,active,company,COMP-8C5394,globaltrading@business,LOC-8293B3
ACC-C2BF76DA,AXIS,AXIS297042563400,business,INR,2020-02-19,,active,company,COMP-61A014,nexustrading@business,LOC-6FAFC5
ACC-7C6E46FE,SBI,SBI322981606688,current,INR,2024-02-29,,active,company,COMP-75E712,vanguardventures@business,LOC-B94200
ACC-94AC11ED,HDFC,HDFC851111993495,business,INR,2021-12-01,,active,company,COMP-E21EDE,horizonlogistics@business,LOC-89DC68
ACC-E236B352,AXIS,AXIS728363033770,current,INR,2024-01-18,,active,company,COMP-BF5FF8,primeservices@business,LOC-01B036
ACC-7E7C61FD,AXIS,AXIS884552783412,current,INR,2020-04-10,,active,company,COMP-BD09D9,zenithservices@business,LOC-5573AE
ACC-386E9A58,SBI,SBI486094552757,current,INR,2019-11-27,,active,company,COMP-FC1E61,sterlingretail@business,LOC-CF30CF
ACC-D773E12F,SBI,SBI913140376564,current,INR,2019-11-19,,active,company,COMP-6D3AF6,globalenterprises@business,LOC-01B036
ACC-C5EE04B5,PNB,PNB772377864335,current,INR,2022-07-30,,active,company,COMP-C5EFD4,horizonfintech@business,LOC-8293B3
ACC-5D036241,SBI,SBI499207530778,current,INR,2019-12-04,,active,company,COMP-B82DD2,matriximports & exports@business,LOC-5FE0A6
ACC-7A68C9B0,AXIS,AXIS276502289043,current,INR,2024-09-12,,active,company,COMP-6F9C4A,gangaservices@business,LOC-CF30CF
ACC-BCC7C95B,PNB,PNB995809269145,current,INR,2024-08-29,,active,company,COMP-130357,primeimports & exports@business,LOC-610E4A
ACC-7B0616D9,ICICI,ICICI842442884356,current,INR,2021-02-21,,active,company,COMP-64AE3E,zenithtrading@business,LOC-6FAFC5
ACC-38351EE9,SBI,SBI218479363972,current,INR,2022-05-17,,active,company,COMP-4A93B4,bluechipconsultancy@business,LOC-B91DF4
ACC-B624CA36,ICICI,ICICI191139532384,current,INR,2021-10-20,,active,company,COMP-20244A,primeventures@business,LOC-610E4A
ACC-A43FEA7D,SBI,SBI494058576139,current,INR,2019-09-18,,active,company,COMP-70A62F,primeinfotech@business,LOC-5FE0A6
ACC-77F63B0E,SBI,SBI694097270753,current,INR,2024-04-05,,active,company,COMP-80B8C5,bluechipventures@business,LOC-CF30CF
ACC-7EF3B3A5,HDFC,HDFC276858312390,current,INR,2020-01-01,,active,company,COMP-84EEF2,nexusventures@business,LOC-5D0F57
ACC-E44EED1A,PNB,PNB359764332795,business,INR,2022-08-24,,active,company,COMP-4C93C3,primetrading@business,LOC-5D0F57
ACC-756F4E72,HDFC,HDFC374125757711,current,INR,2022-06-07,,active,company,COMP-018464,sterlinglogistics@business,LOC-610E4A
ACC-9B7ECBBB,HDFC,HDFC866342606984,business,INR,2022-08-03,,active,company,COMP-87F5AB,suryametals@business,LOC-01B036
ACC-49A6687A,AXIS,AXIS899149585764,current,INR,2021-08-13,,active,company,COMP-83933A,matrixmetals@business,LOC-8293B3
ACC-CE3B9F89,AXIS,AXIS941358667290,current,INR,2023-02-11,,active,company,COMP-7CEEEB,vanguardimports & exports@business,LOC-610E4A
ACC-913F2C38,ICICI,ICICI914145926908,current,INR,2022-04-15,,active,company,COMP-FE6531,horizonventures@business,LOC-6FAFC5
ACC-5562165A,SBI,SBI518057542783,business,INR,2021-10-11,,active,company,COMP-1C21B4,matrixventures@business,LOC-B91DF4
ACC-120FF6B9,SBI,SBI602429920570,business,INR,2023-03-09,,active,company,COMP-6096A4,apexventures@business,LOC-8293B3
ACC-97A1497C,PNB,PNB878542962982,current,INR,2022-02-14,,active,company,COMP-FEBC9D,kaverienterprises@business,LOC-6FAFC5
ACC-097AFD1A,SBI,SBI896499435302,business,INR,2024-08-25,,active,company,COMP-42D278,shreeimports & exports@business,LOC-5D0F57
ACC-06185A21,AXIS,AXIS343793668396,current,INR,2024-09-02,,active,company,COMP-0D0937,nexusconsultancy@business,LOC-B91DF4
ACC-B0C293CE,AXIS,AXIS519999988349,current,INR,2022-06-19,,active,company,COMP-ACDC2B,royalconsultancy@business,LOC-6FAFC5
ACC-4F150C3F,HDFC,HDFC674511499926,current,INR,2022-07-13,,active,company,COMP-1C4C58,indusretail@business,LOC-B94200
ACC-33D19CC0,HDFC,HDFC244392111633,current,INR,2021-10-14,,active,company,COMP-3E8655,horizonventures@business,LOC-B91DF4
ACC-D811FFBB,AXIS,AXIS728826875976,business,INR,2022-06-12,,active,company,COMP-88486E,indusretail@business,LOC-5573AE
ACC-25752CBE,PNB,PNB684263092628,business,INR,2024-05-19,,active,company,COMP-19A812,apeximports & exports@business,LOC-5573AE
ACC-EB4E4B0F,SBI,SBI191874009409,current,INR,2020-11-24,,active,company,COMP-9BB808,bluechipholdings@business,LOC-89DC68
ACC-0DE586BF,PNB,PNB260201055569,current,INR,2019-10-29,,active,company,COMP-810732,apexholdings@business,LOC-6FAFC5
ACC-C787881E,ICICI,ICICI509179777760,business,INR,2023-12-22,,active,company,COMP-B5B832,everestconsultancy@business,LOC-5FE0A6
ACC-C0B1866F,AXIS,AXIS482034641079,current,INR,2023-07-04,,active,company,COMP-E99D2B,royalconsultancy@business,LOC-72C536
ACC-BBCCA8A2,ICICI,ICICI248086168210,current,INR,2019-07-23,,active,company,COMP-340BE0,gangainfotech@business,LOC-5A1703
ACC-A1FD557F,ICICI,ICICI314414343008,business,INR,2020-12-31,,active,company,COMP-76830C,globalconsultancy@business,LOC-CF30CF
ACC-75F2563F,HDFC,HDFC642125206033,business,INR,2021-06-02,,active,company,COMP-1606B3,matrixenterprises@business,LOC-6FAFC5
ACC-DEDB4CF0,SBI,SBI870675732929,current,INR,2021-01-23,,active,company,COMP-520989,kavericonsultancy@business,LOC-5FE0A6
ACC-D16F5E90,ICICI,ICICI199090117588,current,INR,2019-10-13,,active,company,COMP-1C26C2,matrixholdings@business,LOC-89DC68
ACC-ECCD934A,AXIS,AXIS445201921025,business,INR,2020-06-22,,active,company,COMP-1E3FCD,globalmetals@business,LOC-8293B3
ACC-70D63FED,HDFC,HDFC564588701833,business,INR,2020-06-08,,active,company,COMP-5EB5DF,sterlingretail@business,LOC-B94200
ACC-2C6ED032,PNB,PNB519111066477,current,INR,2024-06-08,,active,company,COMP-E8757C,globalinfotech@business,LOC-610E4A
ACC-13597BDB,AXIS,AXIS527918208653,current,INR,2022-11-07,,active,company,COMP-1356DD,horizontrading@business,LOC-5D0F57
ACC-E65174BB,ICICI,ICICI119762388869,current,INR,2020-05-28,,active,company,COMP-3BBDB8,shreemetals@business,LOC-610E4A
ACC-08E51043,AXIS,AXIS149668473767,current,INR,2019-11-19,,active,company,COMP-B83B75,royalimports & exports@business,LOC-610E4A
ACC-56883E29,ICICI,ICICI141668317478,current,INR,2020-09-30,,active,company,COMP-BCAC07,apexenterprises@business,LOC-610E4A
ACC-2BADC578,ICICI,ICICI264162640148,current,INR,2019-11-20,,active,company,COMP-BE16C2,horizontrading@business,LOC-5FE0A6
ACC-015B2291,PNB,PNB391845274448,current,INR,2023-04-26,,active,company,COMP-BFDD5C,indusenterprises@business,LOC-5573AE
ACC-DB551B0A,AXIS,AXIS531811820571,current,INR,2021-04-17,,active,company,COMP-44F1D8,apexenterprises@business,LOC-B91DF4
ACC-1DFD8E71,AXIS,AXIS468838487497,business,INR,2023-09-15,,active,company,COMP-DDAD42,horizonconsultancy@business,LOC-5573AE
ACC-505057D4,AXIS,AXIS232143082283,business,INR,2024-07-14,,active,company,COMP-313853,matrixholdings@business,LOC-5D0F57
ACC-4B234F00,AXIS,AXIS699675826790,business,INR,2022-01-28,,active,company,COMP-12573C,vanguardventures@business,LOC-B91DF4
ACC-FD75B564,PNB,PNB327338679241,current,INR,2022-03-08,,active,company,COMP-7F4A56,royallogistics@business,LOC-72C536
ACC-17D9777C,AXIS,AXIS492408052232,current,INR,2020-09-02,,active,company,COMP-D5D44E,shreeholdings@business,LOC-610E4A
ACC-3713E652,AXIS,AXIS966300493602,business,INR,2023-01-02,,active,company,COMP-1B8C0F,matriximports & exports@business,LOC-CF30CF
ACC-9A55F093,PNB,PNB734397182770,business,INR,2024-08-25,,active,company,COMP-AB5347,horizonventures@business,LOC-5A1703
ACC-C2684C5C,AXIS,AXIS664984314910,current,INR,2023-03-21,,active,company,COMP-55BDA9,kaveriservices@business,LOC-CF30CF
ACC-654B5CB3,AXIS,AXIS135204068532,current,INR,2024-04-15,,active,company,COMP-BFD14A,bluechipconsultancy@business,LOC-01B036
ACC-9CD5B8A2,ICICI,ICICI261407064953,current,INR,2024-06-11,,active,company,COMP-76976B,sterlingfintech@business,LOC-5FE0A6
ACC-FD75346F,SBI,SBI408777841793,current,INR,2019-07-12,,active,company,COMP-6F91C5,horizonsolutions@business,LOC-5A1703
ACC-32F78B6E,SBI,SBI665556805107,current,INR,2022-09-13,,active,company,COMP-ECCC88,apexretail@business,LOC-B91DF4
ACC-1506F289,PNB,PNB837276591128,business,INR,2022-11-27,,active,company,COMP-C9EA81,gangaconsultancy@business,LOC-5FE0A6
ACC-1D4449BF,PNB,PNB320650235335,current,INR,2024-01-18,,active,company,COMP-4BBFFE,sterlingtrading@business,LOC-610E4A
ACC-3CDD5C4D,AXIS,AXIS351992256187,current,INR,2020-02-16,,active,company,COMP-D6B693,bluechipinfotech@business,LOC-01B036
ACC-3A21E718,AXIS,AXIS658675954663,current,INR,2019-12-24,,active,company,COMP-9C7840,royaltrading@business,LOC-89DC68
ACC-1337BBAB,SBI,SBI797287659259,current,INR,2023-09-04,,active,company,COMP-48C7EE,sterlingventures@business,LOC-5A1703
ACC-A2C871F5,PNB,PNB108317364671,current,INR,2021-06-26,,active,company,COMP-23E64A,bluechipholdings@business,LOC-5573AE
ACC-0AB280E4,HDFC,HDFC228944372866,business,INR,2021-02-03,,active,company,COMP-DCD384,nexusimports & exports@business,LOC-CF30CF
ACC-6019F3A4,SBI,SBI948518327696,current,INR,2022-07-03,,active,company,COMP-6C40FF,zenithservices@business,LOC-5D0F57
ACC-C73035BC,PNB,PNB840091156430,current,INR,2023-06-15,,active,company,COMP-B11E5D,apexholdings@business,LOC-89DC68
ACC-D3F9A70B,AXIS,AXIS998413511869,business,INR,2020-08-10,,active,company,COMP-6CA2CE,zenithlogistics@business,LOC-5573AE
ACC-E1310E3B,AXIS,AXIS150132636172,business,INR,2019-12-09,,active,company,COMP-ED63C9,apexsolutions@business,LOC-5A1703
ACC-6F54C387,ICICI,ICICI834652517291,current,INR,2024-05-07,,active,company,COMP-266A22,royalconsultancy@business,LOC-5FE0A6
ACC-5F344587,SBI,SBI351764977289,business,INR,2024-03-14,,active,company,COMP-499EE8,vanguardimports & exports@business,LOC-5573AE
