company_id,person_id,role,start_date,end_date,source_id
COMP-4AF5B6,P-7F2EEB,Managing Director,2023-07-27,,MCA_REGISTRY
COMP-672D0C,P-496ACB,Managing Director,2023-12-06,,MCA_REGISTRY
COMP-672D0C,P-2722CB,Director,2023-12-06,,MCA_REGISTRY
COMP-8C5394,P-06173F,Managing Director,2020-10-08,,MCA_REGISTRY
COMP-8C5394,P-A49D96,Director,2020-10-08,,MCA_REGISTRY
COMP-61A014,P-1008E3,Managing Director,2020-02-19,,MCA_REGISTRY
COMP-61A014,P-79C3E9,Director,2020-02-19,,MCA_REGISTRY
COMP-75E712,P-5A5695,Managing Director,2024-02-29,,MCA_REGISTRY
COMP-75E712,P-5EA9F6,Director,2024-02-29,,MCA_REGISTRY
COMP-E21EDE,P-2A7A49,Managing Director,2021-12-01,,MCA_REGISTRY
COMP-E21EDE,P-F4C4B5,Director,2021-12-01,,MCA_REGISTRY
COMP-BF5FF8,P-F07C02,Managing Director,2024-01-18,,MCA_REGISTRY
COMP-BF5FF8,P-E2F150,Director,2024-01-18,,MCA_REGISTRY
COMP-BD09D9,P-FDF0F1,Managing Director,2020-04-10,,MCA_REGISTRY
COMP-BD09D9,P-31ADBA,Director,2020-04-10,,MCA_REGISTRY
COMP-FC1E61,P-677A20,Managing Director,2019-11-27,,MCA_REGISTRY
COMP-FC1E61,P-72073C,Director,2019-11-27,,MCA_REGISTRY
COMP-6D3AF6,P-99023E,Managing Director,2019-11-19,,MCA_REGISTRY
COMP-6D3AF6,P-AB4021,Director,2019-11-19,,MCA_REGISTRY
COMP-C5EFD4,P-7E95E0,Managing Director,2022-07-30,,MCA_REGISTRY
COMP-B82DD2,P-E41CE3,Managing Director,2019-12-04,,MCA_REGISTRY
COMP-B82DD2,P-7E95E0,Director,2019-12-04,,MCA_REGISTRY
COMP-6F9C4A,P-DDFDA7,Managing Director,2024-09-12,,MCA_REGISTRY
COMP-6F9C4A,P-698774,Director,2024-09-12,,MCA_REGISTRY
COMP-6F9C4A,P-72F4BB,Director,2024-09-12,,MCA_REGISTRY
COMP-130357,P-528C9A,Managing Director,2024-08-29,,MCA_REGISTRY
COMP-64AE3E,P-E880A0,Managing Director,2021-02-21,,MCA_REGISTRY
COMP-64AE3E,P-C6B0A6,Director,2021-02-21,,MCA_REGISTRY
COMP-4A93B4,P-3274CF,Managing Director,2022-05-17,,MCA_REGISTRY
COMP-4A93B4,P-0F661D,Director,2022-05-17,,MCA_REGISTRY
COMP-20244A,P-E334BB,Managing Director,2021-10-20,,MCA_REGISTRY
COMP-20244A,P-772E29,Director,2021-10-20,,MCA_REGISTRY
COMP-70A62F,P-1F932B,Managing Director,2019-09-18,,MCA_REGISTRY
COMP-70A62F,P-ED48EB,Director,2019-09-18,,MCA_REGISTRY
COMP-70A62F,P-5CDFFF,Director,2019-09-18,,MCA_REGISTRY
COMP-80B8C5,P-F206E2,Managing Director,2024-04-05,,MCA_REGISTRY
COMP-80B8C5,P-ADD659,Director,2024-04-05,,MCA_REGISTRY
COMP-84EEF2,P-31B4AF,Managing Director,2020-01-01,,MCA_REGISTRY
COMP-84EEF2,P-4412F5,Director,2020-01-01,,MCA_REGISTRY
COMP-4C93C3,P-EC4B75,Managing Director,2022-08-24,,MCA_REGISTRY
COMP-4C93C3,P-1F3BAE,Director,2022-08-24,,MCA_REGISTRY
COMP-018464,P-31C81F,Managing Director,2022-06-07,,MCA_REGISTRY
COMP-018464,P-3A427D,Director,2022-06-07,,MCA_REGISTRY
COMP-018464,P-1F501F,Director,2022-06-07,,MCA_REGISTRY
COMP-87F5AB,P-3B1E19,Managing Director,2022-08-03,,MCA_REGISTRY
COMP-87F5AB,P-B0F70C,Director,2022-08-03,,MCA_REGISTRY
COMP-83933A,P-484E72,Managing Director,2021-08-13,,MCA_REGISTRY
COMP-83933A,P-AF59F4,Director,2021-08-13,,MCA_REGISTRY
COMP-7CEEEB,P-924F35,Managing Director,2023-02-11,,MCA_REGISTRY
COMP-7CEEEB,P-749ABE,Director,2023-02-11,,MCA_REGISTRY
COMP-FE6531,P-5AE54E,Managing Director,2022-04-15,,MCA_REGISTRY
COMP-FE6531,P-F206E2,Director,2022-04-15,,MCA_REGISTRY
COMP-1C21B4,P-E77551,Managing Director,2021-10-11,,MCA_REGISTRY
COMP-6096A4,P-7F17E2,Managing Director,2023-03-09,,MCA_REGISTRY
COMP-FEBC9D,P-F103F7,Managing Director,2022-02-14,,MCA_REGISTRY
COMP-FEBC9D,P-655405,Director,2022-02-14,,MCA_REGISTRY
COMP-FEBC9D,P-DD2B1B,Director,2022-02-14,,MCA_REGISTRY
COMP-42D278,P-88F08D,Managing Director,2024-08-25,,MCA_REGISTRY
COMP-0D0937,P-3E962E,Managing Director,2024-09-02,,MCA_REGISTRY
COMP-0D0937,P-ED48EB,Director,2024-09-02,,MCA_REGISTRY
COMP-ACDC2B,P-31B4AF,Managing Director,2022-06-19,,MCA_REGISTRY
COMP-ACDC2B,P-DB388A,Director,2022-06-19,,MCA_REGISTRY
COMP-1C4C58,P-1CDB2F,Managing Director,2022-07-13,,MCA_REGISTRY
COMP-3E8655,P-DF2055,Managing Director,2021-10-14,,MCA_REGISTRY
COMP-3E8655,P-E10EBD,Director,2021-10-14,,MCA_REGISTRY
COMP-88486E,P-62E107,Managing Director,2022-06-12,,MCA_REGISTRY
COMP-88486E,P-565151,Director,2022-06-12,,MCA_REGISTRY
COMP-19A812,P-43F672,Managing Director,2024-05-19,,MCA_REGISTRY
COMP-19A812,P-3961E1,Director,2024-05-19,,MCA_REGISTRY
COMP-9BB808,P-13BAC4,Managing Director,2020-11-24,,MCA_REGISTRY
COMP-9BB808,P-57E8B4,Director,2020-11-24,,MCA_REGISTRY
COMP-810732,P-06A5BA,Managing Director,2019-10-29,,MCA_REGISTRY
COMP-B5B832,P-275CEC,Managing Director,2023-12-22,,MCA_REGISTRY
COMP-B5B832,P-396101,Director,2023-12-22,,MCA_REGISTRY
COMP-E99D2B,P-F2E3CA,Managing Director,2023-07-04,,MCA_REGISTRY
COMP-340BE0,P-22AC96,Managing Director,2019-07-23,,MCA_REGISTRY
COMP-340BE0,P-BE7E41,Director,2019-07-23,,MCA_REGISTRY
COMP-340BE0,P-527DED,Director,2019-07-23,,MCA_REGISTRY
COMP-76830C,P-DB388A,Managing Director,2020-12-31,,MCA_REGISTRY
COMP-1606B3,P-99A046,Managing Director,2021-06-02,,MCA_REGISTRY
COMP-1606B3,P-E43B7B,Director,2021-06-02,,MCA_REGISTRY
COMP-520989,P-4E60BF,Managing Director,2021-01-23,,MCA_REGISTRY
COMP-520989,P-ECCA1C,Director,2021-01-23,,MCA_REGISTRY
COMP-1C26C2,P-E6E273,Managing Director,2019-10-13,,MCA_REGISTRY
COMP-1E3FCD,P-71ED91,Managing Director,2020-06-22,,MCA_REGISTRY
COMP-5EB5DF,P-396101,Managing Director,2020-06-08,,MCA_REGISTRY
COMP-E8757C,P-BD7B6B,Managing Director,2024-06-08,,MCA_REGISTRY
COMP-E8757C,P-6B4610,Director,2024-06-08,,MCA_REGISTRY
COMP-E8757C,P-E334BB,Director,2024-06-08,,MCA_REGISTRY
COMP-1356DD,P-79C3E9,Managing Director,2022-11-07,,MCA_REGISTRY
COMP-1356DD,P-3961E1,Director,2022-11-07,,MCA_REGISTRY
COMP-1356DD,P-C5BF60,Director,2022-11-07,,MCA_REGISTRY
COMP-3BBDB8,P-531F38,Managing Director,2020-05-28,,MCA_REGISTRY
COMP-3BBDB8,P-5813E1,Director,2020-05-28,,MCA_REGISTRY
COMP-3BBDB8,P-1159B2,Director,2020-05-28,,MCA_REGISTRY
COMP-B83B75,P-D530E0,Managing Director,2019-11-19,,MCA_REGISTRY
COMP-BCAC07,P-B87076,Managing Director,2020-09-30,,MCA_REGISTRY
COMP-BCAC07,P-FC3FC7,Director,2020-09-30,,MCA_REGISTRY
COMP-BE16C2,P-EA7363,Managing Director,2019-11-20,,MCA_REGISTRY
COMP-BE16C2,P-E8F757,Director,2019-11-20,,MCA_REGISTRY
COMP-BE16C2,P-CF1BE5,Director,2019-11-20,,MCA_REGISTRY
COMP-BFDD5C,P-F692FF,Managing Director,2023-04-26,,MCA_REGISTRY
COMP-44F1D8,P-CF1BE5,Managing Director,2021-04-17,,MCA_REGISTRY
COMP-44F1D8,P-6F4227,Director,2021-04-17,,MCA_REGISTRY
COMP-44F1D8,P-E10EBD,Director,2021-04-17,,MCA_REGISTRY
COMP-DDAD42,P-6CCB42,Managing Director,2023-09-15,,MCA_REGISTRY
COMP-DDAD42,P-7744EC,Director,2023-09-15,,MCA_REGISTRY
COMP-313853,P-715599,Managing Director,2024-07-14,,MCA_REGISTRY
COMP-12573C,P-5128C2,Managing Director,2022-01-28,,MCA_REGISTRY
COMP-12573C,P-EC10ED,Director,2022-01-28,,MCA_REGISTRY
COMP-7F4A56,P-570F89,Managing Director,2022-03-08,,MCA_REGISTRY
COMP-7F4A56,P-362D63,Director,2022-03-08,,MCA_REGISTRY
COMP-7F4A56,P-ADD659,Director,2022-03-08,,MCA_REGISTRY
COMP-D5D44E,P-029953,Managing Director,2020-09-02,,MCA_REGISTRY
COMP-D5D44E,P-484E72,Director,2020-09-02,,MCA_REGISTRY
COMP-1B8C0F,P-CEB019,Managing Director,2023-01-02,,MCA_REGISTRY
COMP-1B8C0F,P-F07C02,Director,2023-01-02,,MCA_REGISTRY
COMP-AB5347,P-17C578,Managing Director,2024-08-25,,MCA_REGISTRY
COMP-AB5347,P-52145F,Director,2024-08-25,,MCA_REGISTRY
COMP-55BDA9,P-B02011,Managing Director,2023-03-21,,MCA_REGISTRY
COMP-BFD14A,P-815044,Managing Director,2024-04-15,,MCA_REGISTRY
COMP-BFD14A,P-EBF368,Director,2024-04-15,,MCA_REGISTRY
COMP-BFD14A,P-DD2B1B,Director,2024-04-15,,MCA_REGISTRY
COMP-76976B,P-DA576F,Managing Director,2024-06-11,,MCA_REGISTRY
COMP-6F91C5,P-1CDB2F,Managing Director,2019-07-12,,MCA_REGISTRY
COMP-6F91C5,P-38D83F,Director,2019-07-12,,MCA_REGISTRY
COMP-ECCC88,P-65EE7B,Managing Director,2022-09-13,,MCA_REGISTRY
COMP-ECCC88,P-76177F,Director,2022-09-13,,MCA_REGISTRY
COMP-C9EA81,P-F994FB,Managing Director,2022-11-27,,MCA_REGISTRY
COMP-4BBFFE,P-8023DF,Managing Director,2024-01-18,,MCA_REGISTRY
COMP-4BBFFE,P-3145B8,Director,2024-01-18,,MCA_REGISTRY
COMP-4BBFFE,P-E4B80F,Director,2024-01-18,,MCA_REGISTRY
COMP-D6B693,P-5A1FC9,Managing Director,2020-02-16,,MCA_REGISTRY
COMP-9C7840,P-82A459,Managing Director,2019-12-24,,MCA_REGISTRY
COMP-9C7840,P-1E9BE4,Director,2019-12-24,,MCA_REGISTRY
COMP-9C7840,P-A77258,Director,2019-12-24,,MCA_REGISTRY
COMP-48C7EE,P-03916F,Managing Director,2023-09-04,,MCA_REGISTRY
COMP-48C7EE,P-23A418,Director,2023-09-04,,MCA_REGISTRY
COMP-23E64A,P-62E107,Managing Director,2021-06-26,,MCA_REGISTRY
COMP-23E64A,P-6B4610,Director,2021-06-26,,MCA_REGISTRY
COMP-DCD384,P-3B1E19,Managing Director,2021-02-03,,MCA_REGISTRY
COMP-DCD384,P-0546D9,Director,2021-02-03,,MCA_REGISTRY
COMP-6C40FF,P-275CEC,Managing Director,2022-07-03,,MCA_REGISTRY
COMP-6C40FF,P-D72089,Director,2022-07-03,,MCA_REGISTRY
COMP-B11E5D,P-D6F289,Managing Director,2023-06-15,,MCA_REGISTRY
COMP-B11E5D,P-0518F7,Director,2023-06-15,,MCA_REGISTRY
COMP-6CA2CE,P-0FFC36,Managing Director,2020-08-10,,MCA_REGISTRY
COMP-6CA2CE,P-0FE2E2,Director,2020-08-10,,MCA_REGISTRY
COMP-ED63C9,P-63A67E,Managing Director,2019-12-09,,MCA_REGISTRY
COMP-266A22,P-0FE2E2,Managing Director,2024-05-07,,MCA_REGISTRY
COMP-499EE8,P-15700B,Managing Director,2024-03-14,,MCA_REGISTRY
