location_id,location_type,name,city,state,country,latitude,longitude,address_text
LOC-0D67B3,house,House #140 Juhu,Mumbai,Maharashtra,India,19.078896,72.864276,"Flat 140, 35 Marg, Juhu, Mumbai, Maharashtra - 507541"
LOC-44867D,house,House #819 New Town,Kolkata,West Bengal,India,22.545702,88.396372,"Flat 819, 72 Path, New Town, Kolkata, West Bengal - 367073"
LOC-1651DD,toll_plaza,Hyderabad Expressway Toll Plaza #9,Hyderabad,Telangana,India,17.353163,78.450211,"Expressway Km 9, Outskirts of Hyderabad, Telangana"
LOC-C4DA53,house,House #688 Koramangala,Bengaluru,Karnataka,India,12.952826,77.621627,"Flat 688, 38 Nagar, Koramangala, Bengaluru, Karnataka - 610091"
LOC-6840FF,house,House #724 Begumpet,Hyderabad,Telangana,India,17.390185,78.523545,"Flat 724, 62 Lane, Begumpet, Hyderabad, Telangana - 662679"
LOC-443CDE,warehouse,Warehouse #754 Juhu,Mumbai,Maharashtra,India,19.077649,72.87126,"Flat 754, 88 Block, Juhu, Mumbai, Maharashtra - 619752"
LOC-1B923E,toll_plaza,Bengaluru Expressway Toll Plaza #93,Bengaluru,Karnataka,India,12.94521,77.581553,"Expressway Km 93, Outskirts of Bengaluru, Karnataka"
LOC-D6A82A,house,House #898 Chandni Chowk,Delhi,Delhi,India,28.575205,77.215896,"Flat 898, 50 Colony, Chandni Chowk, Delhi, Delhi - 462433"
LOC-E6B4F8,house,House #645 New Town,Kolkata,West Bengal,India,22.590493,88.396632,"Flat 645, 30 Nagar, New Town, Kolkata, West Bengal - 635345"
LOC-DFF494,shop,Shop #282 HSR Layout,Bengaluru,Karnataka,India,13.010957,77.59016,"Flat 282, 70 Sector, HSR Layout, Bengaluru, Karnataka - 271231"
LOC-09C470,house,House #122 Banjara Hills,Hyderabad,Telangana,India,17.408911,78.501497,"Flat 122, 59 Lane, Banjara Hills, Hyderabad, Telangana - 378816"
LOC-610E4A,bank_branch,Branch Kothrud,Pune,Maharashtra,India,18.508805,73.823803,"Ground Floor, Plot #165, Kothrud, Pune - 645110"
LOC-894489,house,House #811 Lajpat Nagar,Delhi,Delhi,India,28.576231,77.194797,"Flat 811, 10 Block, Lajpat Nagar, Delhi, Delhi - 533843"
LOC-8FF41E,house,House #457 Koregaon Park,Pune,Maharashtra,India,18.53153,73.894275,"Flat 457, 43 Nagar, Koregaon Park, Pune, Maharashtra - 134948"
LOC-550AE8,office,Office #482 Alipore,Kolkata,West Bengal,India,22.592129,88.389881,"Flat 482, 87 Street, Alipore, Kolkata, West Bengal - 356378"
TWR-573E8D,cell_tower,Tower-MGRoad-69,Bengaluru,Karnataka,India,12.993691,77.585741,"Site #69, MG Road, Bengaluru, Karnataka - 415340"
LOC-DA2259,shop,Shop #704 Bandra Kurla Complex,Mumbai,Maharashtra,India,19.070575,72.897009,"Flat 704, 81 Street, Bandra Kurla Complex, Mumbai, Maharashtra - 515009"
LOC-0D496D,house,House #412 Chandni Chowk,Delhi,Delhi,India,28.637189,77.171261,"Flat 412, 95 Sector, Chandni Chowk, Delhi, Delhi - 559849"
LOC-28DFA2,toll_plaza,Bengaluru Expressway Toll Plaza #44,Bengaluru,Karnataka,India,12.989706,77.572592,"Expressway Km 44, Outskirts of Bengaluru, Karnataka"
LOC-229320,house,House #371 HSR Layout,Bengaluru,Karnataka,India,12.935042,77.594644,"Flat 371, 27 Path, HSR Layout, Bengaluru, Karnataka - 527512"
LOC-5653D4,office,Office #375 Hadapsar,Pune,Maharashtra,India,18.487208,73.842062,"Flat 375, 3 Lane, Hadapsar, Pune, Maharashtra - 352146"
LOC-8F9B34,office,Office #849 Karol Bagh,Delhi,Delhi,India,28.636056,77.189548,"Flat 849, 62 Sector, Karol Bagh, Delhi, Delhi - 527707"
LOC-5573AE,bank_branch,Branch Ballygunge,Kolkata,West Bengal,India,22.606597,88.37268,"Ground Floor, Plot #330, Ballygunge, Kolkata - 635607"
TWR-B3A1F1,cell_tower,Tower-Kurla-44,Mumbai,Maharashtra,India,19.064852,72.874561,"Site #44, Kurla, Mumbai, Maharashtra - 164983"
LOC-3EC306,toll_plaza,Pune Expressway Toll Plaza #46,Pune,Maharashtra,India,18.507843,73.876997,"Expressway Km 46, Outskirts of Pune, Maharashtra"
LOC-29ED47,house,House #485 Dum Dum,Kolkata,West Bengal,India,22.553838,88.397854,"Flat 485, 8 Nagar, Dum Dum, Kolkata, West Bengal - 634786"
LOC-006D7B,house,House #372 Salt Lake Sector V,Kolkata,West Bengal,India,22.598184,88.349679,"Flat 372, 38 Marg, Salt Lake Sector V, Kolkata, West Bengal - 637256"
LOC-E7E96D,house,House #577 Baner,Pune,Maharashtra,India,18.499814,73.852334,"Flat 577, 39 Marg, Baner, Pune, Maharashtra - 450468"
LOC-6FAFC5,bank_branch,Branch New Town,Kolkata,West Bengal,India,22.559574,88.327801,"Ground Floor, Plot #614, New Town, Kolkata - 398381"
LOC-C609DC,office,Office #589 Kurla,Mumbai,Maharashtra,India,19.039421,72.917551,"Flat 589, 94 Street, Kurla, Mumbai, Maharashtra - 671099"
LOC-166DD6,toll_plaza,Mumbai Expressway Toll Plaza #77,Mumbai,Maharashtra,India,19.107967,72.908702,"Expressway Km 77, Outskirts of Mumbai, Maharashtra"
LOC-E0EDEA,house,House #848 Secunderabad,Hyderabad,Telangana,India,17.363206,78.517718,"Flat 848, 2 Path, Secunderabad, Hyderabad, Telangana - 515276"
LOC-98FC47,house,House #145 Ballygunge,Kolkata,West Bengal,India,22.572345,88.337082,"Flat 145, 46 Nagar, Ballygunge, Kolkata, West Bengal - 123601"
LOC-60AA0D,office,Office #579 Dadar,Mumbai,Maharashtra,India,19.058596,72.845073,"Flat 579, 39 Sector, Dadar, Mumbai, Maharashtra - 345025"
LOC-11E374,office,Office #170 Rohini,Delhi,Delhi,India,28.606413,77.232321,"Flat 170, 25 Block, Rohini, Delhi, Delhi - 521444"
LOC-01B036,bank_branch,Branch Juhu,Mumbai,Maharashtra,India,19.046765,72.912069,"Ground Floor, Plot #258, Juhu, Mumbai - 627178"
LOC-50C1EB,shop,Shop #514 Hinjewadi Phase 1,Pune,Maharashtra,India,18.481276,73.869197,"Flat 514, 27 Marg, Hinjewadi Phase 1, Pune, Maharashtra - 137120"
LOC-BB66EC,house,House #816 HSR Layout,Bengaluru,Karnataka,India,13.005773,77.578935,"Flat 816, 94 Nagar, HSR Layout, Bengaluru, Karnataka - 415538"
LOC-72C536,bank_branch,Branch Saket,Delhi,Delhi,India,28.636786,77.206272,"Ground Floor, Plot #127, Saket, Delhi - 489095"
LOC-1A1F14,office,Office #294 Lajpat Nagar,Delhi,Delhi,India,28.580065,77.241331,"Flat 294, 51 Block, Lajpat Nagar, Delhi, Delhi - 519036"
LOC-E7C834,house,House #230 Ballygunge,Kolkata,West Bengal,India,22.569408,88.392872,"Flat 230, 94 Marg, Ballygunge, Kolkata, West Bengal - 237931"
LOC-0B3C35,house,House #319 Electronic City,Bengaluru,Karnataka,India,13.006529,77.563058,"Flat 319, 37 Path, Electronic City, Bengaluru, Karnataka - 519560"
TWR-17BF6B,cell_tower,Tower-Howrah-86,Kolkata,West Bengal,India,22.595041,88.340376,"Site #86, Howrah, Kolkata, West Bengal - 196792"
LOC-AAC991,office,Office #267 Chandni Chowk,Delhi,Delhi,India,28.600382,77.176857,"Flat 267, 18 Road, Chandni Chowk, Delhi, Delhi - 200500"
LOC-246595,office,Office #162 Dadar,Mumbai,Maharashtra,India,19.048136,72.874607,"Flat 162, 85 Nagar, Dadar, Mumbai, Maharashtra - 169108"
LOC-2051E6,ATM,ATM Kiosk Goregaon East #57,Mumbai,Maharashtra,India,19.098782,72.865017,"ATM #57, Goregaon East, Mumbai - 356555"
LOC-CA4225,ATM,ATM Kiosk Powai #42,Mumbai,Maharashtra,India,19.101172,72.842336,"ATM #42, Powai, Mumbai - 350022"
LOC-E81775,hotel,Hotel #671 Powai,Mumbai,Maharashtra,India,19.098799,72.886075,"Flat 671, 31 Street, Powai, Mumbai, Maharashtra - 110844"
LOC-056FB8,toll_plaza,Hyderabad Expressway Toll Plaza #70,Hyderabad,Telangana,India,17.37442,78.496787,"Expressway Km 70, Outskirts of Hyderabad, Telangana"
LOC-4AB381,toll_plaza,Kolkata Expressway Toll Plaza #38,Kolkata,West Bengal,India,22.596638,88.364409,"Expressway Km 38, Outskirts of Kolkata, West Bengal"
LOC-E94129,house,House #725 Juhu,Mumbai,Maharashtra,India,19.071577,72.846069,"Flat 725, 93 Street, Juhu, Mumbai, Maharashtra - 451458"
TWR-6E3E43,cell_tower,Tower-HSRLayout-52,Bengaluru,Karnataka,India,12.989384,77.58879,"Site #52, HSR Layout, Bengaluru, Karnataka - 325318"
LOC-92CADF,ATM,ATM Kiosk Karol Bagh #50,Delhi,Delhi,India,28.63505,77.241074,"ATM #50, Karol Bagh, Delhi - 142630"
TWR-7A17A6,cell_tower,Tower-ElectronicCity-24,Bengaluru,Karnataka,India,12.953236,77.626021,"Site #24, Electronic City, Bengaluru, Karnataka - 216321"
LOC-43EC1F,house,House #359 Powai,Mumbai,Maharashtra,India,19.043421,72.858499,"Flat 359, 47 Street, Powai, Mumbai, Maharashtra - 540701"
LOC-782390,toll_plaza,Hyderabad Expressway Toll Plaza #69,Hyderabad,Telangana,India,17.40894,78.497739,"Expressway Km 69, Outskirts of Hyderabad, Telangana"
LOC-D67C87,ATM,ATM Kiosk Gachibowli #31,Hyderabad,Telangana,India,17.394545,78.521284,"ATM #31, Gachibowli, Hyderabad - 228747"
LOC-096802,house,House #236 Saket,Delhi,Delhi,India,28.573928,77.185772,"Flat 236, 87 Street, Saket, Delhi, Delhi - 516236"
TWR-C4CFBB,cell_tower,Tower-HinjewadiPhase1-11,Pune,Maharashtra,India,18.514104,73.878891,"Site #11, Hinjewadi Phase 1, Pune, Maharashtra - 389637"
LOC-4E1AD8,house,House #504 Connaught Place,Delhi,Delhi,India,28.619374,77.220049,"Flat 504, 16 Colony, Connaught Place, Delhi, Delhi - 389041"
LOC-57ED22,house,House #661 Jayanagar,Bengaluru,Karnataka,India,13.011045,77.607847,"Flat 661, 40 Colony, Jayanagar, Bengaluru, Karnataka - 464648"
LOC-858C2E,warehouse,Warehouse #610 Dwarka Sector 10,Delhi,Delhi,India,28.607718,77.238288,"Flat 610, 55 Lane, Dwarka Sector 10, Delhi, Delhi - 157152"
LOC-CD2EE1,house,House #328 Alipore,Kolkata,West Bengal,India,22.568518,88.401107,"Flat 328, 7 Block, Alipore, Kolkata, West Bengal - 175779"
LOC-7BA359,ATM,ATM Kiosk Lajpat Nagar #92,Delhi,Delhi,India,28.649487,77.237993,"ATM #92, Lajpat Nagar, Delhi - 188230"
LOC-34F4F0,house,House #314 Powai,Mumbai,Maharashtra,India,19.048495,72.889206,"Flat 314, 90 Road, Powai, Mumbai, Maharashtra - 147367"
LOC-D23EE3,ATM,ATM Kiosk Juhu #94,Mumbai,Maharashtra,India,19.062701,72.852295,"ATM #94, Juhu, Mumbai - 513007"
LOC-9BE109,shop,Shop #322 Indiranagar,Bengaluru,Karnataka,India,12.984121,77.606117,"Flat 322, 12 Road, Indiranagar, Bengaluru, Karnataka - 269632"
LOC-A3858C,ATM,ATM Kiosk Jubilee Hills #47,Hyderabad,Telangana,India,17.367694,78.514267,"ATM #47, Jubilee Hills, Hyderabad - 385979"
LOC-86EE62,toll_plaza,Bengaluru Expressway Toll Plaza #1,Bengaluru,Karnataka,India,12.97318,77.602345,"Expressway Km 1, Outskirts of Bengaluru, Karnataka"
LOC-9097A7,house,House #591 HSR Layout,Bengaluru,Karnataka,India,12.961333,77.61924,"Flat 591, 81 Block, HSR Layout, Bengaluru, Karnataka - 140882"
LOC-CF30CF,bank_branch,Branch Rohini,Delhi,Delhi,India,28.589795,77.172174,"Ground Floor, Plot #701, Rohini, Delhi - 465074"
LOC-F5E77D,house,House #780 Goregaon East,Mumbai,Maharashtra,India,19.108342,72.915852,"Flat 780, 97 Nagar, Goregaon East, Mumbai, Maharashtra - 295811"
LOC-50B516,house,House #796 MG Road,Bengaluru,Karnataka,India,12.992683,77.593649,"Flat 796, 18 Block, MG Road, Bengaluru, Karnataka - 214264"
LOC-03365A,house,House #720 Hebbal,Bengaluru,Karnataka,India,12.994434,77.626445,"Flat 720, 43 Path, Hebbal, Bengaluru, Karnataka - 546479"
LOC-65F2EF,house,House #205 Hebbal,Bengaluru,Karnataka,India,12.986868,77.611494,"Flat 205, 23 Lane, Hebbal, Bengaluru, Karnataka - 165300"
LOC-E497CD,hotel,Hotel #802 Colaba,Mumbai,Maharashtra,India,19.095548,72.852006,"Flat 802, 19 Street, Colaba, Mumbai, Maharashtra - 528814"
LOC-C4EF79,house,House #613 Whitefield,Bengaluru,Karnataka,India,12.969248,77.576735,"Flat 613, 99 Sector, Whitefield, Bengaluru, Karnataka - 115496"
LOC-A56A62,office,Office #538 Baner,Pune,Maharashtra,India,18.512105,73.820482,"Flat 538, 29 Marg, Baner, Pune, Maharashtra - 605328"
LOC-8343B9,office,Office #575 Hauz Khas,Delhi,Delhi,India,28.582832,77.226095,"Flat 575, 42 Sector, Hauz Khas, Delhi, Delhi - 125171"
LOC-6F33F7,house,House #812 Dwarka Sector 10,Delhi,Delhi,India,28.611988,77.230491,"Flat 812, 90 Block, Dwarka Sector 10, Delhi, Delhi - 699384"
LOC-AF517D,house,House #230 HSR Layout,Bengaluru,Karnataka,India,12.947787,77.608774,"Flat 230, 5 Street, HSR Layout, Bengaluru, Karnataka - 580586"
LOC-89DC68,bank_branch,Branch Connaught Place,Delhi,Delhi,India,28.617451,77.222931,"Ground Floor, Plot #376, Connaught Place, Delhi - 483776"
TWR-A36B1E,cell_tower,Tower-HauzKhas-72,Delhi,Delhi,India,28.621896,77.210233,"Site #72, Hauz Khas, Delhi, Delhi - 120541"
LOC-CBE54C,office,Office #335 Dwarka Sector 10,Delhi,Delhi,India,28.629739,77.227969,"Flat 335, 24 Path, Dwarka Sector 10, Delhi, Delhi - 455076"
LOC-AAAA13,house,House #364 Juhu,Mumbai,Maharashtra,India,19.091393,72.867155,"Flat 364, 14 Lane, Juhu, Mumbai, Maharashtra - 203993"
LOC-98B485,toll_plaza,Mumbai Expressway Toll Plaza #83,Mumbai,Maharashtra,India,19.111962,72.894871,"Expressway Km 83, Outskirts of Mumbai, Maharashtra"
LOC-E3DD7F,house,House #486 Rohini,Delhi,Delhi,India,28.603322,77.174049,"Flat 486, 65 Nagar, Rohini, Delhi, Delhi - 458475"
LOC-D560F6,house,House #430 Hebbal,Bengaluru,Karnataka,India,12.997618,77.61891,"Flat 430, 51 Block, Hebbal, Bengaluru, Karnataka - 144572"
LOC-7C7370,house,House #470 Saket,Delhi,Delhi,India,28.616651,77.238253,"Flat 470, 78 Sector, Saket, Delhi, Delhi - 347389"
LOC-8546A1,toll_plaza,Bengaluru Expressway Toll Plaza #43,Bengaluru,Karnataka,India,12.976249,77.622505,"Expressway Km 43, Outskirts of Bengaluru, Karnataka"
LOC-AB20DD,house,House #588 Baner,Pune,Maharashtra,India,18.517459,73.889501,"Flat 588, 62 Path, Baner, Pune, Maharashtra - 578637"
LOC-6B641B,warehouse,Warehouse #578 Hauz Khas,Delhi,Delhi,India,28.646418,77.21785,"Flat 578, 84 Nagar, Hauz Khas, Delhi, Delhi - 213331"
LOC-5FE0A6,bank_branch,Branch Karol Bagh,Delhi,Delhi,India,28.637096,77.204532,"Ground Floor, Plot #265, Karol Bagh, Delhi - 546462"
LOC-8293B3,bank_branch,Branch Jayanagar,Bengaluru,Karnataka,India,12.99624,77.632814,"Ground Floor, Plot #344, Jayanagar, Bengaluru - 547512"
LOC-0826C0,office,Office #273 Electronic City,Bengaluru,Karnataka,India,12.987568,77.564868,"Flat 273, 60 Street, Electronic City, Bengaluru, Karnataka - 471016"
TWR-D8EB64,cell_tower,Tower-Baner-20,Pune,Maharashtra,India,18.529748,73.865761,"Site #20, Baner, Pune, Maharashtra - 391257"
LOC-C1117E,house,House #887 Andheri West,Mumbai,Maharashtra,India,19.084889,72.83976,"Flat 887, 97 Avenue, Andheri West, Mumbai, Maharashtra - 311128"
LOC-A53C4C,house,House #203 Colaba,Mumbai,Maharashtra,India,19.039303,72.854942,"Flat 203, 42 Road, Colaba, Mumbai, Maharashtra - 365199"
LOC-2E747C,office,Office #637 Colaba,Mumbai,Maharashtra,India,19.084484,72.856664,"Flat 637, 13 Block, Colaba, Mumbai, Maharashtra - 163189"
LOC-B9CFDA,warehouse,Warehouse #275 Dadar,Mumbai,Maharashtra,India,19.097187,72.884252,"Flat 275, 87 Avenue, Dadar, Mumbai, Maharashtra - 582452"
LOC-D1F7FB,hotel,Hotel #544 Secunderabad,Hyderabad,Telangana,India,17.403042,78.459478,"Flat 544, 63 Avenue, Secunderabad, Hyderabad, Telangana - 562852"
LOC-1525E9,house,House #618 Jayanagar,Bengaluru,Karnataka,India,13.010748,77.601604,"Flat 618, 96 Sector, Jayanagar, Bengaluru, Karnataka - 263362"
LOC-E9E4B2,house,House #611 Koregaon Park,Pune,Maharashtra,India,18.487956,73.866952,"Flat 611, 22 Lane, Koregaon Park, Pune, Maharashtra - 234469"
LOC-7CA5D0,office,Office #337 Begumpet,Hyderabad,Telangana,India,17.396017,78.465239,"Flat 337, 81 Nagar, Begumpet, Hyderabad, Telangana - 689353"
LOC-A8778C,warehouse,Warehouse #676 Indiranagar,Bengaluru,Karnataka,India,12.952881,77.631829,"Flat 676, 35 Avenue, Indiranagar, Bengaluru, Karnataka - 421508"
LOC-430B0B,shop,Shop #520 Koramangala,Bengaluru,Karnataka,India,12.955799,77.593662,"Flat 520, 85 Marg, Koramangala, Bengaluru, Karnataka - 647853"
LOC-2B8D6F,house,House #418 Bandra Kurla Complex,Mumbai,Maharashtra,India,19.096853,72.888669,"Flat 418, 56 Block, Bandra Kurla Complex, Mumbai, Maharashtra - 210502"
LOC-55BC0A,house,House #410 Kurla,Mumbai,Maharashtra,India,19.091726,72.876086,"Flat 410, 96 Sector, Kurla, Mumbai, Maharashtra - 232008"
LOC-564023,toll_plaza,Delhi Expressway Toll Plaza #46,Delhi,Delhi,India,28.581281,77.169735,"Expressway Km 46, Outskirts of Delhi, Delhi"
LOC-8DE04A,house,House #255 Gachibowli,Hyderabad,Telangana,India,17.364222,78.498591,"Flat 255, 58 Nagar, Gachibowli, Hyderabad, Telangana - 297051"
LOC-64253E,ATM,ATM Kiosk Karol Bagh #87,Delhi,Delhi,India,28.603652,77.181879,"ATM #87, Karol Bagh, Delhi - 559116"
LOC-E2485B,house,House #820 Hadapsar,Pune,Maharashtra,India,18.535382,73.817153,"Flat 820, 51 Block, Hadapsar, Pune, Maharashtra - 563845"
LOC-12C32F,shop,Shop #336 Hinjewadi Phase 1,Pune,Maharashtra,India,18.557428,73.844211,"Flat 336, 87 Colony, Hinjewadi Phase 1, Pune, Maharashtra - 272284"
LOC-B91DF4,bank_branch,Branch Alipore,Kolkata,West Bengal,India,22.611195,88.328233,"Ground Floor, Plot #445, Alipore, Kolkata - 586196"
LOC-74EEAF,house,House #287 Powai,Mumbai,Maharashtra,India,19.055356,72.847724,"Flat 287, 24 Sector, Powai, Mumbai, Maharashtra - 276926"
TWR-633D66,cell_tower,Tower-Hebbal-8,Bengaluru,Karnataka,India,12.952372,77.617105,"Site #8, Hebbal, Bengaluru, Karnataka - 549753"
TWR-92BB2B,cell_tower,Tower-Indiranagar-30,Bengaluru,Karnataka,India,13.003062,77.627283,"Site #30, Indiranagar, Bengaluru, Karnataka - 426855"
LOC-C75B69,office,Office #735 Kurla,Mumbai,Maharashtra,India,19.04043,72.849559,"Flat 735, 70 Sector, Kurla, Mumbai, Maharashtra - 152237"
LOC-560B0C,house,House #737 Secunderabad,Hyderabad,Telangana,India,17.423144,78.457201,"Flat 737, 64 Road, Secunderabad, Hyderabad, Telangana - 501605"
LOC-042CC7,house,House #651 Bandra Kurla Complex,Mumbai,Maharashtra,India,19.074422,72.887826,"Flat 651, 10 Block, Bandra Kurla Complex, Mumbai, Maharashtra - 638623"
LOC-30665B,hotel,Hotel #629 Saket,Delhi,Delhi,India,28.640023,77.171793,"Flat 629, 51 Lane, Saket, Delhi, Delhi - 333905"
LOC-961151,warehouse,Warehouse #394 Jayanagar,Bengaluru,Karnataka,India,12.974709,77.585887,"Flat 394, 36 Sector, Jayanagar, Bengaluru, Karnataka - 253618"
LOC-169179,house,House #474 Goregaon East,Mumbai,Maharashtra,India,19.085355,72.906048,"Flat 474, 82 Lane, Goregaon East, Mumbai, Maharashtra - 221523"
LOC-D4E3FD,house,House #143 Secunderabad,Hyderabad,Telangana,India,17.421437,78.508585,"Flat 143, 98 Colony, Secunderabad, Hyderabad, Telangana - 519717"
LOC-A0D96A,house,House #758 Dwarka Sector 10,Delhi,Delhi,India,28.593577,77.216064,"Flat 758, 99 Avenue, Dwarka Sector 10, Delhi, Delhi - 541955"
LOC-5D0F57,bank_branch,Branch Rohini,Delhi,Delhi,India,28.646768,77.207845,"Ground Floor, Plot #819, Rohini, Delhi - 376808"
LOC-0348C4,house,House #167 Hebbal,Bengaluru,Karnataka,India,12.943142,77.589391,"Flat 167, 64 Block, Hebbal, Bengaluru, Karnataka - 249330"
LOC-E56A0E,house,House #315 Kurla,Mumbai,Maharashtra,India,19.038012,72.889746,"Flat 315, 83 Lane, Kurla, Mumbai, Maharashtra - 454499"
LOC-5A1703,bank_branch,Branch Powai,Mumbai,Maharashtra,India,19.066599,72.897594,"Ground Floor, Plot #241, Powai, Mumbai - 648720"
LOC-FF5F9A,house,House #333 Aundh,Pune,Maharashtra,India,18.50015,73.885728,"Flat 333, 76 Colony, Aundh, Pune, Maharashtra - 277803"
LOC-3AA83F,house,House #167 Lajpat Nagar,Delhi,Delhi,India,28.651908,77.220884,"Flat 167, 51 Block, Lajpat Nagar, Delhi, Delhi - 673679"
LOC-67DD30,hotel,Hotel #279 Karol Bagh,Delhi,Delhi,India,28.591937,77.211815,"Flat 279, 74 Nagar, Karol Bagh, Delhi, Delhi - 453190"
LOC-8830FC,ATM,ATM Kiosk Whitefield #98,Bengaluru,Karnataka,India,12.993786,77.633247,"ATM #98, Whitefield, Bengaluru - 468258"
LOC-804209,house,House #512 Hitec City,Hyderabad,Telangana,India,17.358097,78.522847,"Flat 512, 80 Road, Hitec City, Hyderabad, Telangana - 175730"
LOC-B94200,bank_branch,Branch Powai,Mumbai,Maharashtra,India,19.071389,72.8406,"Ground Floor, Plot #870, Powai, Mumbai - 368266"
LOC-D2F79E,office,Office #854 Whitefield,Bengaluru,Karnataka,India,12.990951,77.601071,"Flat 854, 89 Street, Whitefield, Bengaluru, Karnataka - 631975"
LOC-E8BE44,house,House #166 MG Road,Bengaluru,Karnataka,India,12.999388,77.607484,"Flat 166, 14 Sector, MG Road, Bengaluru, Karnataka - 478072"
LOC-0F4A38,warehouse,Warehouse #356 Dadar,Mumbai,Maharashtra,India,19.05562,72.844511,"Flat 356, 72 Street, Dadar, Mumbai, Maharashtra - 343795"
TWR-A38873,cell_tower,Tower-VimanNagar-13,Pune,Maharashtra,India,18.534909,73.846513,"Site #13, Viman Nagar, Pune, Maharashtra - 114351"
LOC-49A6DB,toll_plaza,Delhi Expressway Toll Plaza #66,Delhi,Delhi,India,28.630086,77.225678,"Expressway Km 66, Outskirts of Delhi, Delhi"
LOC-FDE627,ATM,ATM Kiosk Juhu #32,Mumbai,Maharashtra,India,19.104816,72.854448,"ATM #32, Juhu, Mumbai - 598681"
LOC-7EA9DE,house,House #585 Connaught Place,Delhi,Delhi,India,28.589656,77.236125,"Flat 585, 14 Marg, Connaught Place, Delhi, Delhi - 519732"
TWR-F6CC94,cell_tower,Tower-HSRLayout-45,Bengaluru,Karnataka,India,12.981444,77.600929,"Site #45, HSR Layout, Bengaluru, Karnataka - 281810"
LOC-C3A1CB,toll_plaza,Hyderabad Expressway Toll Plaza #58,Hyderabad,Telangana,India,17.413072,78.452878,"Expressway Km 58, Outskirts of Hyderabad, Telangana"
LOC-A14712,ATM,ATM Kiosk Chandni Chowk #44,Delhi,Delhi,India,28.627419,77.23165,"ATM #44, Chandni Chowk, Delhi - 597157"
LOC-B8654D,warehouse,Warehouse #647 Koregaon Park,Pune,Maharashtra,India,18.552575,73.887419,"Flat 647, 79 Avenue, Koregaon Park, Pune, Maharashtra - 698637"
LOC-3BBE58,toll_plaza,Bengaluru Expressway Toll Plaza #22,Bengaluru,Karnataka,India,12.994278,77.59098,"Expressway Km 22, Outskirts of Bengaluru, Karnataka"
LOC-8B4EBB,office,Office #341 Dadar,Mumbai,Maharashtra,India,19.060758,72.880613,"Flat 341, 58 Nagar, Dadar, Mumbai, Maharashtra - 518183"
LOC-7BDB11,ATM,ATM Kiosk Viman Nagar #86,Pune,Maharashtra,India,18.539055,73.874736,"ATM #86, Viman Nagar, Pune - 685670"
LOC-FB0D7D,ATM,ATM Kiosk Colaba #62,Mumbai,Maharashtra,India,19.093817,72.847412,"ATM #62, Colaba, Mumbai - 593472"
