vehicle_id,registration_number,vehicle_type,make,model,year,owner_person_id,registered_address_id,status
VEH-04A3FE,DL28AP3730,truck,Tata,Ace Gold,2016,P-2D7685,LOC-A0D96A,active
VEH-50E854,MH47UN6538,hatchback,Maruti,Swift,2016,P-895033,LOC-AB20DD,active
VEH-5D0FE6,MH46ZQ6201,suv,Mahindra,Scorpio,2020,P-71CABF,LOC-169179,active
VEH-3D93F6,MH10JT1067,suv,Hyundai,Creta,2018,P-C06C25,LOC-E9E4B2,active
VEH-73A3B3,KA26MH7276,suv,Tata,Nexon,2019,P-0B4C18,LOC-50B516,active
VEH-42A441,WB11ZA4769,suv,Hyundai,Creta,2017,P-74D2B8,LOC-29ED47,active
VEH-8D28C2,DL46EO3590,suv,Mahindra,Scorpio,2020,P-31740B,LOC-3AA83F,active
VEH-5E0373,MH31OT8240,motorcycle,Bajaj,Pulsar 150,2023,P-6F2C39,LOC-43EC1F,active
VEH-D80DB3,KA26EX6068,suv,Tata,Nexon,2022,P-A25F6A,LOC-50B516,active
VEH-204EB6,KA06EW2100,sedan,Maruti,Dzire,2022,P-6B9C89,LOC-0B3C35,active
VEH-07EB7A,MH02HQ9688,truck,Tata,Ace Gold,2015,P-9E1A06,LOC-55BC0A,active
VEH-68DCCB,KA31WF7333,motorcycle,Bajaj,Pulsar 150,2019,P-100720,LOC-C4DA53,active
VEH-B5CB13,KA07WD1413,sedan,Maruti,Dzire,2020,P-5AE54E,LOC-0B3C35,active
VEH-055299,KA35WG9584,truck,Tata,Ace Gold,2019,P-B50164,LOC-65F2EF,active
VEH-FA9F7D,KA15XJ5800,sedan,Honda,City,2022,P-CBB542,LOC-9097A7,active
VEH-2C9AEF,MH38ID8944,suv,Tata,Nexon,2019,P-892A41,LOC-E94129,active
VEH-F87888,TS07HG8930,suv,Hyundai,Creta,2015,P-A29576,LOC-8DE04A,active
VEH-DE3C79,MH38ZT6068,sedan,Honda,City,2020,P-FC3FC7,LOC-E9E4B2,active
VEH-71A8FF,KA01WJ1923,motorcycle,Bajaj,Pulsar 150,2024,P-528C9A,LOC-C4DA53,active
VEH-025E62,MH24GT4314,suv,Mahindra,Scorpio,2015,P-F4AD16,LOC-169179,active
VEH-79FF14,DL37CI3555,suv,Hyundai,Creta,2023,P-55B774,LOC-67DD30,active
VEH-BEC8DB,TS04UF8537,truck,Tata,Ace Gold,2018,P-6A0098,LOC-09C470,active
VEH-A69C70,DL07PA1381,hatchback,Maruti,Swift,2016,P-592E94,LOC-D6A82A,active
VEH-74BCBA,DL25UA4490,hatchback,Maruti,Swift,2019,P-29F2A2,LOC-4E1AD8,active
VEH-A25387,KA44KA1631,suv,Tata,Nexon,2017,P-E245F7,LOC-65F2EF,active
VEH-834B3F,MH47RX9005,sedan,Honda,City,2024,P-F692FF,LOC-74EEAF,active
VEH-F8A27A,KA08KY6237,sedan,Maruti,Dzire,2016,P-B7BC5C,LOC-C4DA53,active
VEH-ECA8AD,KA36GR3821,sedan,Maruti,Dzire,2019,P-DEA611,LOC-E8BE44,active
VEH-F7EA3C,TS29RE3940,sedan,Maruti,Dzire,2019,P-5F4293,LOC-E0EDEA,active
VEH-2A3133,DL15NV8781,motorcycle,Bajaj,Pulsar 150,2022,P-AB33E9,LOC-6F33F7,active
VEH-6BB4F6,MH46XJ9776,motorcycle,Hero,Splendor,2017,P-3C2690,LOC-A53C4C,active
VEH-A1BD56,MH25MT7794,motorcycle,Bajaj,Pulsar 150,2021,P-D32345,LOC-F5E77D,active
VEH-C1AD5E,KA39KW3067,motorcycle,Bajaj,Pulsar 150,2021,P-A0A54A,LOC-0348C4,active
VEH-64AE34,MH43BL1087,truck,Tata,Ace Gold,2016,P-0EA1FC,LOC-E94129,active
VEH-96D316,KA03PT4867,suv,Mahindra,Scorpio,2023,P-C21069,LOC-03365A,active
VEH-E28F4A,MH10YA4880,truck,Tata,Ace Gold,2019,P-84C944,LOC-E9E4B2,active
VEH-A87390,MH33KA2623,sedan,Honda,City,2017,P-899BFB,LOC-8FF41E,active
VEH-5DB746,TS40YM9911,suv,Tata,Nexon,2017,P-4E60BF,LOC-D4E3FD,active
VEH-B51525,MH37ED2545,suv,Hyundai,Creta,2024,P-256961,LOC-AB20DD,active
VEH-9D785B,WB14AQ9567,suv,Mahindra,Scorpio,2018,P-A7EB24,LOC-44867D,active
VEH-D03371,WB40TM8497,motorcycle,Bajaj,Pulsar 150,2020,P-4A8BBF,LOC-44867D,active
VEH-DBFE17,DL24UT7995,motorcycle,Hero,Splendor,2019,P-D5EEC9,LOC-7C7370,active
VEH-798265,MH45CG4426,suv,Hyundai,Creta,2018,P-206055,LOC-169179,active
VEH-889DC0,MH30DR5193,suv,Mahindra,Scorpio,2018,P-0FE2E2,LOC-2B8D6F,active
VEH-F6901F,WB01SU3261,suv,Tata,Nexon,2019,P-BDC9CB,LOC-44867D,active
VEH-5CD031,KA42IP6279,truck,Tata,Ace Gold,2015,P-7469E0,LOC-C4DA53,active
VEH-C96C55,KA04SB1824,suv,Hyundai,Creta,2024,P-AB1F5A,LOC-9097A7,active
VEH-55B9BA,MH32LH2818,hatchback,Maruti,Swift,2018,P-597B6E,LOC-E94129,active
VEH-5F6C14,TS48KI5724,motorcycle,Hero,Splendor,2021,P-BD0ABB,LOC-E0EDEA,active
VEH-B7338E,MH43JS1084,suv,Mahindra,Scorpio,2021,P-B85ADB,LOC-0D67B3,active
VEH-9CF527,MH44XG9857,sedan,Maruti,Dzire,2019,P-B605D0,LOC-E9E4B2,active
VEH-4B4897,KA22OG8519,sedan,Maruti,Dzire,2020,P-6DD384,LOC-BB66EC,active
VEH-E26362,WB31VJ6208,sedan,Honda,City,2015,P-CA8621,LOC-29ED47,active
VEH-870CDB,DL09TE3202,motorcycle,Bajaj,Pulsar 150,2024,P-8586F9,LOC-A0D96A,active
VEH-E472FE,WB46GL9484,sedan,Maruti,Dzire,2018,P-8E7BEA,LOC-44867D,active
VEH-52FF4A,MH41OC5368,motorcycle,Hero,Splendor,2020,P-57F442,LOC-E56A0E,active
VEH-8B8D01,DL45LO3885,suv,Mahindra,Scorpio,2015,P-8BA31E,LOC-30665B,active
VEH-51A60A,MH42BZ6336,hatchback,Maruti,Swift,2016,P-5E76D1,LOC-042CC7,active
VEH-85B1E7,MH38QN1362,suv,Hyundai,Creta,2021,P-45917F,LOC-E94129,active
VEH-465718,MH02FC8743,suv,Hyundai,Creta,2015,P-819CF9,LOC-E56A0E,active
VEH-DE4955,MH44TU5782,hatchback,Maruti,Swift,2024,P-3409A3,LOC-AB20DD,active
VEH-C27FD9,WB14KV5369,suv,Hyundai,Creta,2020,P-43B974,LOC-CD2EE1,active
VEH-A89C8B,KA34YG5417,motorcycle,Hero,Splendor,2023,P-65EE7B,LOC-65F2EF,active
VEH-619BCF,MH02VL1278,motorcycle,Bajaj,Pulsar 150,2021,P-8023DF,LOC-55BC0A,active
VEH-C00A83,MH27DC6217,motorcycle,Bajaj,Pulsar 150,2017,P-149297,LOC-74EEAF,active
VEH-32615D,DL10NO1119,truck,Tata,Ace Gold,2015,P-F4C4B5,LOC-6F33F7,active
VEH-C0901A,TS18OI2950,suv,Tata,Nexon,2017,P-C213D5,LOC-804209,active
VEH-90408C,KA47IB7240,suv,Tata,Nexon,2022,P-FEC9B0,LOC-E8BE44,active
VEH-28AE2D,KA32FZ4280,sedan,Maruti,Dzire,2024,P-E41CE3,LOC-C4DA53,active
VEH-983B89,WB32DE2916,suv,Mahindra,Scorpio,2024,P-E40C0A,LOC-98FC47,active
VEH-9F6796,MH45ZW9946,hatchback,Maruti,Swift,2021,P-04649D,LOC-169179,active
VEH-078C8C,MH29MT2797,truck,Tata,Ace Gold,2021,P-31B4AF,LOC-042CC7,active
VEH-BC59A1,WB17GK8834,suv,Hyundai,Creta,2024,P-44AC04,LOC-98FC47,active
VEH-FBBD55,TS32VT3807,sedan,Honda,City,2021,P-57553A,LOC-09C470,active
VEH-2F680E,TS10AV3417,hatchback,Maruti,Swift,2023,P-222AEF,LOC-D1F7FB,active
VEH-EEBE88,DL48LB8532,suv,Hyundai,Creta,2017,P-E3F873,LOC-096802,active
VEH-AE4521,MH01JG1369,truck,Tata,Ace Gold,2017,P-EF7A0F,LOC-A53C4C,active
VEH-D236A4,KA48ZS4442,suv,Mahindra,Scorpio,2015,P-88C03E,LOC-C4DA53,active
VEH-518EA0,DL26MK4598,suv,Hyundai,Creta,2018,P-C93C8A,LOC-30665B,active
VEH-D054BE,KA46AL5642,suv,Mahindra,Scorpio,2016,P-E6E273,LOC-50B516,active
VEH-18FA4B,MH38LT7728,suv,Hyundai,Creta,2018,P-7BE4BD,LOC-A53C4C,active
VEH-C72BE9,KA11XG5656,sedan,Honda,City,2019,P-C6E67C,LOC-D560F6,active
VEH-9D806D,KA01UH1801,motorcycle,Hero,Splendor,2020,P-41C109,LOC-C4EF79,active
VEH-CB55D9,DL33WH9222,suv,Mahindra,Scorpio,2021,P-B6B930,LOC-D6A82A,active
VEH-7A16BA,TS32NF2708,suv,Tata,Nexon,2018,P-D40699,LOC-09C470,active
VEH-B58A64,MH33QM6875,sedan,Maruti,Dzire,2016,P-93F426,LOC-169179,active
VEH-46096D,MH27VZ3484,suv,Mahindra,Scorpio,2018,P-DDFDA7,LOC-E56A0E,active
VEH-FF76ED,MH16OQ1762,sedan,Maruti,Dzire,2023,P-572C6E,LOC-E497CD,active
VEH-D8AC4C,KA16MU8953,motorcycle,Bajaj,Pulsar 150,2018,P-EA1C8F,LOC-0B3C35,active
VEH-FAF976,DL32ID4959,sedan,Honda,City,2016,P-3961E1,LOC-0D496D,active
VEH-14ED44,MH29TL5538,sedan,Maruti,Dzire,2021,P-80526A,LOC-E94129,active
VEH-4C6E56,WB32HN5526,sedan,Maruti,Dzire,2017,P-ECCA1C,LOC-44867D,active
VEH-527EB5,KA36JG1209,suv,Tata,Nexon,2023,P-A2811F,LOC-65F2EF,active
VEH-C6047A,TS45MQ4140,truck,Tata,Ace Gold,2015,P-0186A2,LOC-09C470,active
VEH-92F5E9,TS40GO8336,sedan,Maruti,Dzire,2018,P-CA5FE9,LOC-09C470,active
VEH-1A67C1,KA38UF1799,hatchback,Maruti,Swift,2017,P-7E95E0,LOC-0B3C35,active
VEH-430C47,MH44QP7100,sedan,Honda,City,2017,P-95A9E8,LOC-169179,active
VEH-9DF1B2,MH10BS9119,motorcycle,Hero,Splendor,2021,P-5C5346,LOC-74EEAF,active
VEH-F9D5E2,DL25KD2859,motorcycle,Bajaj,Pulsar 150,2023,P-75F477,LOC-7C7370,active
VEH-DDD950,KA29CF4001,suv,Hyundai,Creta,2022,P-5CA19D,LOC-BB66EC,active
VEH-289718,MH45PU1510,hatchback,Maruti,Swift,2023,P-DB15C5,LOC-E9E4B2,active
VEH-C372F2,KA23JY9215,suv,Mahindra,Scorpio,2017,P-6BB709,LOC-C4EF79,active
VEH-896AF4,KA38WS3675,suv,Hyundai,Creta,2015,P-50C50A,LOC-65F2EF,active
VEH-479916,KA48PA7505,suv,Hyundai,Creta,2015,P-D20ADA,LOC-BB66EC,active
VEH-D4E1BE,MH39FG1275,motorcycle,Hero,Splendor,2024,P-0FFC36,LOC-E94129,active
VEH-5BBA14,KA28ZM4845,suv,Mahindra,Scorpio,2021,P-D774C3,LOC-57ED22,active
VEH-0128ED,MH46JZ1968,sedan,Maruti,Dzire,2023,P-43F672,LOC-8FF41E,active
VEH-79ADF7,DL14IE8407,motorcycle,Bajaj,Pulsar 150,2019,P-D450C9,LOC-7C7370,active
VEH-424E0A,WB05OE2606,hatchback,Maruti,Swift,2017,P-8F1C9E,LOC-29ED47,active
VEH-FBDEC7,KA38SM6340,suv,Hyundai,Creta,2016,P-11B46B,LOC-50B516,active
VEH-107B7C,MH37HG8619,motorcycle,Bajaj,Pulsar 150,2015,P-4BC009,LOC-169179,active
VEH-8D24D5,MH43YI7639,motorcycle,Bajaj,Pulsar 150,2021,P-D1DE95,LOC-74EEAF,active
VEH-C27D72,DL05XN9477,motorcycle,Hero,Splendor,2019,P-9AFEDE,LOC-67DD30,active
VEH-F6EB17,MH18YD7721,sedan,Maruti,Dzire,2023,P-F1B878,LOC-AAAA13,active
VEH-5AAD80,DL11GG3588,suv,Tata,Nexon,2015,P-616E06,LOC-3AA83F,active
VEH-2510AF,TS27IO5249,motorcycle,Hero,Splendor,2023,P-F68F55,LOC-8DE04A,active
VEH-DE4EE0,KA20RQ7228,motorcycle,Hero,Splendor,2016,P-B4D2CC,LOC-C4DA53,active
VEH-68B60A,MH08GA3174,suv,Tata,Nexon,2021,P-531F38,LOC-E94129,active
VEH-BC4D2F,WB22QA1973,suv,Mahindra,Scorpio,2019,P-A59708,LOC-29ED47,active
VEH-0E4E62,MH11NN6770,suv,Hyundai,Creta,2018,P-72073C,LOC-8FF41E,active
VEH-DEEB48,DL31MU9166,suv,Hyundai,Creta,2015,P-4412F5,LOC-0D496D,active
VEH-0A13C0,MH40PX4992,sedan,Maruti,Dzire,2024,P-7070D4,LOC-74EEAF,active
VEH-BD8E8D,DL01SG8644,hatchback,Maruti,Swift,2022,P-924F35,LOC-0D496D,active
VEH-E556AE,MH39OX2397,suv,Tata,Nexon,2017,P-5813E1,LOC-8FF41E,active
VEH-9C2620,DL20ZU5989,sedan,Honda,City,2016,P-B0C287,LOC-A0D96A,active
VEH-6A8030,DL31XZ2365,truck,Tata,Ace Gold,2015,P-93307C,LOC-6F33F7,active
VEH-A95487,MH20TO1042,motorcycle,Hero,Splendor,2024,P-EC4B75,LOC-F5E77D,active
VEH-1619C7,DL46YW2654,suv,Tata,Nexon,2024,P-565151,LOC-7C7370,active
VEH-872698,MH03SI8346,sedan,Maruti,Dzire,2019,P-0C7C19,LOC-E56A0E,active
VEH-9F9101,KA28BN6395,suv,Hyundai,Creta,2016,P-2EA50A,LOC-D560F6,active
VEH-F74CAA,DL11QP8496,sedan,Honda,City,2020,P-7F17E2,LOC-A0D96A,active
VEH-F7D3E8,KA32RY5831,sedan,Maruti,Dzire,2023,P-88FCAF,LOC-65F2EF,active
VEH-45C713,KA28WT5372,suv,Tata,Nexon,2016,P-0AF252,LOC-03365A,active
VEH-299FE5,WB16AB7923,hatchback,Maruti,Swift,2020,P-243CBC,LOC-44867D,active
VEH-A769F7,KA23RI7789,sedan,Honda,City,2019,P-E43B7B,LOC-03365A,active
VEH-226B1B,MH12PX7410,sedan,Maruti,Dzire,2018,P-F1164A,LOC-042CC7,active
VEH-92C7A9,WB31YK7052,motorcycle,Bajaj,Pulsar 150,2019,P-E64B0A,LOC-E7C834,active
VEH-3418BD,TS04SY4925,suv,Mahindra,Scorpio,2015,P-E334BB,LOC-8DE04A,active
VEH-FF3C3F,DL36NX7442,suv,Hyundai,Creta,2016,P-99F4C2,LOC-67DD30,active
VEH-40CCB6,TS29VS2537,suv,Tata,Nexon,2016,P-49E8EA,LOC-8DE04A,active
VEH-79982A,KA46DA1358,sedan,Honda,City,2024,P-FB375D,LOC-03365A,active
VEH-154687,MH26NG6002,sedan,Honda,City,2024,P-03916F,LOC-E2485B,active
VEH-B1CA00,KA03FT4534,suv,Tata,Nexon,2022,P-52145F,LOC-C4DA53,active
VEH-5B899F,DL19XQ1521,motorcycle,Hero,Splendor,2019,P-BAD713,LOC-67DD30,active
VEH-C7D3A2,TS42YA9665,motorcycle,Bajaj,Pulsar 150,2019,P-62F1B8,LOC-09C470,active
VEH-0478A9,KA16ER1010,truck,Tata,Ace Gold,2021,P-B02011,LOC-C4DA53,active
VEH-DF8641,TS27RQ1072,sedan,Honda,City,2018,P-40DC54,LOC-09C470,active
VEH-00A4A2,MH27QU8183,suv,Tata,Nexon,2020,P-48FBD1,LOC-042CC7,active
VEH-791775,DL02IJ7351,suv,Tata,Nexon,2020,P-2B0362,LOC-6F33F7,active
VEH-9F0193,DL20HL1887,motorcycle,Bajaj,Pulsar 150,2019,P-FED482,LOC-7EA9DE,active
VEH-531456,DL26KY4033,suv,Mahindra,Scorpio,2023,P-0B1CAD,LOC-6F33F7,active
VEH-7D614E,WB39LS9730,sedan,Honda,City,2021,P-AC7C2E,LOC-E6B4F8,active
VEH-A0FFAA,DL19OA3960,suv,Mahindra,Scorpio,2023,P-865778,LOC-7EA9DE,active
VEH-1C5D97,MH09DD2987,hatchback,Maruti,Swift,2017,P-2A7A49,LOC-042CC7,active
VEH-957D72,MH31XM9190,suv,Mahindra,Scorpio,2019,P-BC9351,LOC-E56A0E,active
VEH-724A0D,DL39VO8420,motorcycle,Hero,Splendor,2021,P-ED48EB,LOC-096802,active
VEH-990B1F,TS12PU8825,suv,Tata,Nexon,2020,P-4D8135,LOC-E0EDEA,active
VEH-37180E,MH07HW9545,motorcycle,Hero,Splendor,2022,P-7FF56D,LOC-C1117E,active
VEH-A50C0A,WB31UV6085,motorcycle,Hero,Splendor,2020,P-DD9CC2,LOC-E6B4F8,active
VEH-530D35,KA08TH2007,suv,Hyundai,Creta,2018,P-E052BA,LOC-50B516,active
VEH-ECA7C4,KA02FD2161,suv,Tata,Nexon,2018,P-396101,LOC-C4DA53,active
VEH-3D7608,KA12HF6871,truck,Tata,Ace Gold,2015,P-715599,LOC-C4EF79,active
VEH-540237,MH23BH1040,suv,Hyundai,Creta,2022,P-9CE47A,LOC-042CC7,active
VEH-11F494,KA13PL7171,truck,Tata,Ace Gold,2022,P-478029,LOC-57ED22,active
VEH-A3A586,MH41UI8529,motorcycle,Hero,Splendor,2016,P-854D06,LOC-E497CD,active
VEH-EF1616,MH14AL6174,suv,Mahindra,Scorpio,2024,P-F0DE32,LOC-E56A0E,active
VEH-4AA2FB,WB32AF9379,motorcycle,Hero,Splendor,2021,P-EC10ED,LOC-CD2EE1,active
VEH-986597,MH01TM2973,truck,Tata,Ace Gold,2022,P-A2AF57,LOC-74EEAF,active
VEH-BDB3EB,KA45MD7468,sedan,Maruti,Dzire,2017,P-F07C02,LOC-0B3C35,active
VEH-6F278E,KA05KZ9019,truck,Tata,Ace Gold,2017,P-CC3A8E,LOC-50B516,active
VEH-68E1F9,MH22YA1899,motorcycle,Bajaj,Pulsar 150,2016,P-CAA0E8,LOC-0D67B3,active
VEH-F90BF8,WB27ND3689,sedan,Honda,City,2023,P-72D48E,LOC-98FC47,active
VEH-BD0766,KA33TT4395,truck,Tata,Ace Gold,2023,P-0F661D,LOC-C4DA53,active
VEH-3AA1B5,MH41RN9037,motorcycle,Hero,Splendor,2016,P-6F9E76,LOC-A53C4C,active
VEH-43898D,MH46CF8573,suv,Tata,Nexon,2023,P-5B415F,LOC-A53C4C,active
VEH-AA5946,TS15GC2009,motorcycle,Hero,Splendor,2023,P-276290,LOC-8DE04A,active
VEH-2D308C,MH27TU8239,suv,Mahindra,Scorpio,2024,P-7E4396,LOC-74EEAF,active
VEH-19FE3A,MH21VK7289,sedan,Maruti,Dzire,2016,P-31C81F,LOC-E94129,active
VEH-5F5B99,TS42HP4407,suv,Hyundai,Creta,2021,P-FA1901,LOC-D4E3FD,active
VEH-809BDE,MH47AB2972,sedan,Honda,City,2019,P-3DC697,LOC-A53C4C,active
VEH-F7BD97,MH05GA7193,truck,Tata,Ace Gold,2017,P-3E962E,LOC-E9E4B2,active
VEH-44070C,KA21GQ1364,motorcycle,Hero,Splendor,2019,P-E8F757,LOC-C4EF79,active
VEH-4629C7,WB23VH1797,suv,Tata,Nexon,2019,P-12CCF5,LOC-98FC47,active
VEH-99FB63,MH30HG9095,truck,Tata,Ace Gold,2016,P-6755A6,LOC-169179,active
VEH-B22741,MH48UB2432,sedan,Maruti,Dzire,2019,P-ED58EC,LOC-74EEAF,active
VEH-F94811,MH29OP7914,hatchback,Maruti,Swift,2017,P-069EF0,LOC-8FF41E,active
VEH-FA6C1D,MH34TK7764,motorcycle,Hero,Splendor,2020,P-02CE05,LOC-E94129,active
VEH-48AC1E,TS27QR3813,sedan,Maruti,Dzire,2017,P-07AACB,LOC-E0EDEA,active
VEH-39D999,DL42IU8111,sedan,Maruti,Dzire,2017,P-F103F7,LOC-30665B,active
VEH-51607B,MH27RP7303,motorcycle,Hero,Splendor,2020,P-BB13B1,LOC-A53C4C,active
VEH-15EC0F,TS03AV2640,truck,Tata,Ace Gold,2020,P-E30292,LOC-6840FF,active
VEH-222D1C,WB31CW4191,suv,Tata,Nexon,2015,P-DA576F,LOC-98FC47,active
VEH-7BA5B2,MH26IV7260,motorcycle,Hero,Splendor,2016,P-4A9816,LOC-E497CD,active
VEH-B2E6B8,KA31PF6967,truck,Tata,Ace Gold,2018,P-2F98F9,LOC-65F2EF,active
VEH-192ED8,KA10WY8999,suv,Mahindra,Scorpio,2018,P-4DDF0B,LOC-E8BE44,active
VEH-F110D5,MH29HN5164,sedan,Honda,City,2024,P-1CDB2F,LOC-169179,active
VEH-4CF855,MH35UH6841,motorcycle,Bajaj,Pulsar 150,2021,P-ABC35E,LOC-E56A0E,active
VEH-24FFC2,DL27JQ4844,suv,Mahindra,Scorpio,2019,P-A49D96,LOC-30665B,active
VEH-E88E5A,DL20SB2318,motorcycle,Bajaj,Pulsar 150,2024,P-532703,LOC-A0D96A,active
VEH-0E6ED7,MH22VA8333,suv,Hyundai,Creta,2023,P-36465C,LOC-0D67B3,active
VEH-95682B,KA47WV8325,sedan,Maruti,Dzire,2016,P-83F77E,LOC-65F2EF,active
VEH-66D736,MH14TI3410,suv,Tata,Nexon,2017,P-5C8D6A,LOC-E94129,active
VEH-143544,KA03ON4206,suv,Mahindra,Scorpio,2023,P-C93C55,LOC-50B516,active
VEH-7D5BEE,MH04HY8359,sedan,Maruti,Dzire,2016,P-7744EC,LOC-169179,active
VEH-18F9D1,DL33PC1923,truck,Tata,Ace Gold,2024,P-38D83F,LOC-096802,active
VEH-A4D76A,DL43QJ3596,motorcycle,Bajaj,Pulsar 150,2016,P-82B39F,LOC-E3DD7F,active
VEH-B81B10,KA24TX5887,truck,Tata,Ace Gold,2019,P-64032D,LOC-65F2EF,active
VEH-BF026F,MH07KR3067,motorcycle,Bajaj,Pulsar 150,2020,P-79C3E9,LOC-E94129,active
VEH-F24509,MH42HC7803,sedan,Maruti,Dzire,2017,P-B87076,LOC-A53C4C,active
VEH-3F3CBC,MH25VB1914,hatchback,Maruti,Swift,2015,P-E9A1F3,LOC-042CC7,active
VEH-FB0CA5,DL20YI5594,sedan,Maruti,Dzire,2023,P-204025,LOC-A0D96A,active
VEH-789FF5,KA19PN8014,sedan,Honda,City,2015,P-75C966,LOC-AF517D,active
VEH-60122E,TS08GK2313,suv,Hyundai,Creta,2023,P-ED2D41,LOC-D1F7FB,active
VEH-12D9CB,KA47IG7665,motorcycle,Bajaj,Pulsar 150,2018,P-5A5695,LOC-C4DA53,active
VEH-129D6F,MH23PF1326,hatchback,Maruti,Swift,2019,P-8D42C7,LOC-0D67B3,active
VEH-30B831,TS47PW3091,motorcycle,Bajaj,Pulsar 150,2023,P-0475CE,LOC-D4E3FD,active
VEH-D988F8,MH43GV8257,truck,Tata,Ace Gold,2017,P-8557E2,LOC-E94129,active
VEH-916D9E,TS35UJ8842,suv,Mahindra,Scorpio,2017,P-49EBF3,LOC-560B0C,active
